"","batch"
"AAACATACAACCAC-1","B"
"AAACATTGAGCTAC-1","B"
"AAACATTGATCAGC-1","B"
"AAACCGTGCTTCCG-1","B"
"AAACCGTGTATGCG-1","A"
"AAACGCACTGGTAC-1","B"
"AAACGCTGACCAGT-1","A"
"AAACGCTGGTTCTT-1","B"
"AAACGCTGTAGCCA-1","A"
"AAACGCTGTTTCTG-1","B"
"AAACTTGAAAAACG-1","B"
"AAACTTGATCCAGA-1","B"
"AAAGAGACGAGATA-1","B"
"AAAGAGACGCGAGA-1","B"
"AAAGAGACGGACTT-1","A"
"AAAGAGACGGCATT-1","B"
"AAAGATCTGGGCAA-1","B"
"AAAGCAGAAGCCAT-1","A"
"AAAGCAGATATCGG-1","B"
"AAAGCCTGTATGCG-1","A"
"AAAGGCCTGTCTAG-1","B"
"AAAGTTTGATCACG-1","B"
"AAAGTTTGGGGTGA-1","A"
"AAAGTTTGTAGAGA-1","A"
"AAAGTTTGTAGCGT-1","B"
"AAATCAACAATGCC-1","B"
"AAATCAACACCAGT-1","B"
"AAATCAACCAGGAG-1","A"
"AAATCAACCCTATT-1","A"
"AAATCAACGGAAGC-1","B"
"AAATCAACTCGCAA-1","B"
"AAATCATGACCACA-1","B"
"AAATCCCTCCACAA-1","B"
"AAATCCCTGCTATG-1","A"
"AAATGTTGAACGAA-1","B"
"AAATGTTGCCACAA-1","B"
"AAATGTTGTGGCAT-1","B"
"AAATTCGAAGGTTC-1","A"
"AAATTCGAATCACG-1","B"
"AAATTCGAGCTGAT-1","A"
"AAATTCGAGGAGTG-1","A"
"AAATTCGATTCTCA-1","A"
"AAATTGACACGACT-1","B"
"AAATTGACTCGCTC-1","A"
"AACAAACTCATTTC-1","A"
"AACAAACTTTCGTT-1","A"
"AACAATACGACGAG-1","A"
"AACACGTGCAGAGG-1","A"
"AACACGTGGAAAGT-1","B"
"AACACGTGGAACCT-1","A"
"AACACGTGGCTACA-1","A"
"AACACGTGTACGAC-1","B"
"AACAGCACAAGAGT-1","A"
"AACATTGATGGGAG-1","A"
"AACCAGTGATACCG-1","A"
"AACCCAGATCGCTC-1","A"
"AACCGATGCTCCCA-1","B"
"AACCGATGGTCATG-1","B"
"AACCGATGTTCTAC-1","A"
"AACCGCCTAGCGTT-1","A"
"AACCGCCTCTACGA-1","B"
"AACCTACTGTGAGG-1","B"
"AACCTACTGTGTTG-1","B"
"AACCTTACGAGACG-1","A"
"AACCTTACGCGAGA-1","B"
"AACCTTACTAACGC-1","A"
"AACCTTTGGACGGA-1","B"
"AACCTTTGTACGCA-1","A"
"AACGCAACAAGTAG-1","B"
"AACGCATGACCCAA-1","B"
"AACGCATGCCTTCG-1","B"
"AACGCATGTACTTC-1","A"
"AACGCCCTCGGGAA-1","B"
"AACGCCCTCGTACA-1","B"
"AACGCCCTGCTTAG-1","A"
"AACGCCCTGGCATT-1","B"
"AACGTCGAGTATCG-1","B"
"AACGTGTGAAAGCA-1","B"
"AACGTGTGGCGGAA-1","B"
"AACGTGTGTCCAAG-1","A"
"AACGTGTGTGCTTT-1","A"
"AACTACCTTAGAGA-1","B"
"AACTCACTCAAGCT-1","B"
"AACTCACTTGGAGG-1","B"
"AACTCGGAAAGTGA-1","A"
"AACTCGGAAGGTCT-1","A"
"AACTCTTGCAGGAG-1","A"
"AACTGTCTCCCTTG-1","A"
"AACTTGCTACGCTA-1","A"
"AACTTGCTGGGACA-1","A"
"AAGAACGAGTGTTG-1","B"
"AAGAAGACGTAGGG-1","B"
"AAGACAGAAGTCTG-1","A"
"AAGACAGAGGATCT-1","B"
"AAGACAGATTACCT-1","B"
"AAGAGATGGGTAGG-1","A"
"AAGATGGAAAACAG-1","A"
"AAGATGGAGAACTC-1","B"
"AAGATGGAGATAAG-1","B"
"AAGATTACAACCTG-1","B"
"AAGATTACAGATCC-1","B"
"AAGATTACCCGTTC-1","B"
"AAGATTACCGCCTT-1","B"
"AAGATTACCTCAAG-1","A"
"AAGATTACTCCTCG-1","B"
"AAGCAAGAGCGAGA-1","B"
"AAGCAAGAGCTTAG-1","B"
"AAGCAAGAGGTGTT-1","A"
"AAGCACTGAGCAAA-1","B"
"AAGCACTGCATACG-1","B"
"AAGCACTGGTTCTT-1","A"
"AAGCCAACGTGTTG-1","A"
"AAGCCATGAACTGC-1","A"
"AAGCCATGACACGT-1","A"
"AAGCCATGCGTGAT-1","A"
"AAGCCATGTCTCGC-1","A"
"AAGCCTGACATGCA-1","A"
"AAGCCTGACCGAAT-1","B"
"AAGCGACTCCTCAC-1","B"
"AAGCGACTGTGTCA-1","A"
"AAGCGACTTACAGC-1","A"
"AAGCGACTTTGACG-1","B"
"AAGCGTACGTCTTT-1","A"
"AAGGCTTGCGAACT-1","A"
"AAGGTCACGGTTAC-1","B"
"AAGGTCACTGTTTC-1","B"
"AAGGTCACTTCCCG-1","B"
"AAGGTCTGACAGTC-1","A"
"AAGGTCTGCAGATC-1","B"
"AAGGTCTGGTATGC-1","B"
"AAGTAACTCTGAAC-1","B"
"AAGTAACTGAGATA-1","B"
"AAGTAGGATACAGC-1","A"
"AAGTATACCGAACT-1","A"
"AAGTCCGACTTGTT-1","A"
"AAGTCCGATAGAAG-1","A"
"AAGTCTCTAGTCGT-1","A"
"AAGTCTCTCGGAGA-1","B"
"AAGTGGCTTGGAGG-1","A"
"AAGTTCCTCATTCT-1","B"
"AAGTTCCTTCTTAC-1","B"
"AATAAGCTCGAATC-1","A"
"AATAAGCTCGTTGA-1","B"
"AATACCCTGGACGA-1","A"
"AATACCCTGGCATT-1","B"
"AATACTGAAAGGGC-1","A"
"AATACTGAATTGGC-1","A"
"AATAGGGAACCCTC-1","B"
"AATAGGGAGAATGA-1","B"
"AATCAAACTATCGG-1","B"
"AATCCGGAATGCTG-1","A"
"AATCCTACCGGTAT-1","A"
"AATCCTTGACGGGA-1","B"
"AATCCTTGGTGAGG-1","A"
"AATCGGTGGAACTC-1","A"
"AATCGGTGTGCTTT-1","B"
"AATCTAGAAAAGTG-1","B"
"AATCTAGAATCGGT-1","B"
"AATCTCACAGCCTA-1","B"
"AATCTCACTCTAGG-1","A"
"AATCTCTGAACAGA-1","A"
"AATCTCTGCTTTAC-1","B"
"AATGATACACCAAC-1","B"
"AATGATACGGTCAT-1","A"
"AATGCGTGACACCA-1","B"
"AATGCGTGGACGGA-1","B"
"AATGCGTGGCTATG-1","B"
"AATGGAGAATCGTG-1","B"
"AATGGAGATCCTTA-1","B"
"AATGGCTGACACCA-1","A"
"AATGGCTGCGTGAT-1","B"
"AATGGCTGTAAAGG-1","A"
"AATGGCTGTACTCT-1","A"
"AATGGCTGTGAAGA-1","A"
"AATGTAACGGTGGA-1","B"
"AATGTAACGTTTGG-1","B"
"AATGTCCTCTTCTA-1","A"
"AATGTTGACAGTCA-1","A"
"AATGTTGAGTTGAC-1","A"
"AATGTTGATCTACT-1","B"
"AATTACGAATTCCT-1","B"
"AATTACGACTTCTA-1","B"
"AATTACGAGTAGCT-1","A"
"AATTACGAGTGAGG-1","A"
"AATTACGATTGGCA-1","B"
"AATTCCTGCTCAGA-1","A"
"AATTGATGTCGCAA-1","B"
"AATTGTGACTTGGA-1","A"
"ACAAAGGAGGGTGA-1","B"
"ACAAATTGATTCTC-1","A"
"ACAAATTGCTCAGA-1","A"
"ACAAATTGTTGCGA-1","B"
"ACAACCGAGGGATG-1","A"
"ACAACCGAGTTACG-1","A"
"ACAAGAGAAGTCGT-1","A"
"ACAAGAGACTTATC-1","A"
"ACAAGAGAGTTGAC-1","B"
"ACAATCCTAACCGT-1","A"
"ACAATCCTTAGCGT-1","A"
"ACAATTGACTGACA-1","A"
"ACAATTGATGACTG-1","B"
"ACACAGACACCTGA-1","A"
"ACACAGACCATACG-1","B"
"ACACCAGAGGGCAA-1","B"
"ACACCCTGGTGTTG-1","B"
"ACACGAACAGTTCG-1","A"
"ACACGATGACGCAT-1","B"
"ACACGATGATGTGC-1","A"
"ACACGATGTCGTAG-1","B"
"ACACGATGTGGTCA-1","A"
"ACAGACACGGCATT-1","A"
"ACAGACACGTTGTG-1","A"
"ACAGCAACACCTAG-1","B"
"ACAGCAACCTCAAG-1","A"
"ACAGGTACCCCACT-1","B"
"ACAGGTACGCTGTA-1","B"
"ACAGGTACTGGTGT-1","A"
"ACAGTCGACCCAAA-1","A"
"ACAGTCGACCGATA-1","A"
"ACAGTGACTCACCC-1","A"
"ACAGTGACTCTATC-1","A"
"ACAGTGTGGTCACA-1","B"
"ACAGTGTGTTGCGA-1","A"
"ACATCACTCTACTT-1","A"
"ACATGGTGAAGCCT-1","B"
"ACATGGTGCAACCA-1","B"
"ACATGGTGCGAGTT-1","A"
"ACATGGTGCGTTGA-1","B"
"ACATTCTGGCATAC-1","B"
"ACATTCTGGGAACG-1","B"
"ACCAACGACATGCA-1","A"
"ACCACAGAAAGTAG-1","A"
"ACCACAGAGTTGGT-1","B"
"ACCACCTGTGTGCA-1","A"
"ACCACGCTACAGCT-1","A"
"ACCACGCTACCCAA-1","B"
"ACCACGCTGCGAGA-1","B"
"ACCACGCTGCTGTA-1","B"
"ACCAGCCTGACAGG-1","B"
"ACCAGTGAACGGTT-1","A"
"ACCAGTGAATACCG-1","B"
"ACCAGTGAGGGATG-1","B"
"ACCAGTGATGACTG-1","A"
"ACCATTACCTTCTA-1","A"
"ACCATTACGAGATA-1","A"
"ACCATTTGTCATTC-1","A"
"ACCCAAGAACTGTG-1","A"
"ACCCAAGAATTCCT-1","A"
"ACCCAAGAGGACAG-1","B"
"ACCCAAGATTCACT-1","B"
"ACCCACTGCGCCTT-1","A"
"ACCCACTGGACAGG-1","A"
"ACCCACTGGTTCAG-1","A"
"ACCCACTGTCGTAG-1","B"
"ACCCAGCTCAGAAA-1","B"
"ACCCAGCTGTTAGC-1","A"
"ACCCAGCTTGCTTT-1","B"
"ACCCGTTGATGACC-1","A"
"ACCCGTTGCTGCAA-1","B"
"ACCCGTTGCTTCTA-1","A"
"ACCCTCGACCTATT-1","A"
"ACCCTCGACGGTAT-1","B"
"ACCCTCGATAAGGA-1","A"
"ACCCTCGATCAAGC-1","A"
"ACCGTGCTACCAGT-1","B"
"ACCGTGCTGGAACG-1","A"
"ACCTATTGCTGAGT-1","B"
"ACCTATTGTGCCCT-1","B"
"ACCTCCGAGTCCTC-1","A"
"ACCTCCGATATGCG-1","A"
"ACCTCCGATGCTGA-1","B"
"ACCTCGTGAACCAC-1","A"
"ACCTGAGATATCGG-1","B"
"ACCTGGCTAAGTAG-1","A"
"ACCTGGCTGTCTTT-1","B"
"ACCTTTGACTCCCA-1","A"
"ACCTTTGAGGAACG-1","A"
"ACCTTTGAGGAAGC-1","A"
"ACGAACACCTTGTT-1","A"
"ACGAACTGGCTATG-1","B"
"ACGAAGCTCTCCAC-1","B"
"ACGAAGCTCTGAGT-1","A"
"ACGACCCTATCTCT-1","A"
"ACGACCCTGATGAA-1","B"
"ACGACCCTTGACAC-1","B"
"ACGACCCTTGACCA-1","A"
"ACGAGGGACAGGAG-1","A"
"ACGAGGGACGAACT-1","A"
"ACGAGGGATGTAGC-1","B"
"ACGAGTACCCTAAG-1","A"
"ACGAGTACGAATCC-1","B"
"ACGATCGAGGACTT-1","B"
"ACGATCGAGTCACA-1","B"
"ACGATGACAATGCC-1","B"
"ACGATGACTGGTCA-1","B"
"ACGATTCTACGGGA-1","B"
"ACGCAATGGTTCAG-1","B"
"ACGCACCTGTTAGC-1","B"
"ACGCCACTGAACTC-1","B"
"ACGCCGGAAACCAC-1","A"
"ACGCCGGAAAGCCT-1","A"
"ACGCCGGAAATGCC-1","B"
"ACGCCTTGCTCCCA-1","B"
"ACGCGGTGGCGAGA-1","A"
"ACGCGGTGTGTGGT-1","A"
"ACGCGGTGTTTGCT-1","A"
"ACGCTCACAGTACC-1","A"
"ACGCTCACCCTTGC-1","B"
"ACGCTGCTGTTCTT-1","B"
"ACGGAACTCAGATC-1","B"
"ACGGAACTGTCGTA-1","B"
"ACGGAGGACTCTTA-1","B"
"ACGGATTGGGAGGT-1","A"
"ACGGATTGGTTAGC-1","B"
"ACGGCTCTGAGCAG-1","A"
"ACGGCTCTTGCACA-1","A"
"ACGGTAACCGCTAA-1","B"
"ACGGTAACCTTCGC-1","B"
"ACGGTAACGGTGGA-1","A"
"ACGGTAACTCGCAA-1","B"
"ACGGTATGAGTCGT-1","A"
"ACGGTATGGGTATC-1","A"
"ACGGTATGGTTGTG-1","B"
"ACGGTCCTAACGGG-1","B"
"ACGGTCCTCGGGAA-1","B"
"ACGTAGACAACCAC-1","B"
"ACGTAGACTACAGC-1","A"
"ACGTCAGAAACGAA-1","B"
"ACGTCAGAGAGCTT-1","A"
"ACGTCAGAGGGATG-1","A"
"ACGTCCTGATAAGG-1","B"
"ACGTCCTGTGAACC-1","A"
"ACGTCGCTCCTGAA-1","B"
"ACGTCGCTCTATTC-1","B"
"ACGTCGCTTCTCAT-1","B"
"ACGTGATGCCATGA-1","A"
"ACGTGATGGGTCTA-1","B"
"ACGTGATGTAACCG-1","A"
"ACGTGATGTGACAC-1","A"
"ACGTGCCTCCGTAA-1","B"
"ACGTGCCTTCTATC-1","A"
"ACGTTACTTTCCAT-1","A"
"ACGTTGGAAAAGCA-1","A"
"ACGTTGGAAACCTG-1","B"
"ACGTTGGACCGTAA-1","A"
"ACGTTGGAGCCAAT-1","B"
"ACGTTGGATATGGC-1","A"
"ACGTTGGATCAGGT-1","B"
"ACGTTTACATCAGC-1","A"
"ACTAAAACCCACAA-1","B"
"ACTAAAACTCGACA-1","A"
"ACTACGGAATTTCC-1","A"
"ACTACGGACCTATT-1","B"
"ACTACGGATCGCTC-1","B"
"ACTACTACTAAGGA-1","A"
"ACTAGGTGGAACCT-1","B"
"ACTAGGTGGAACTC-1","A"
"ACTATCACCTTGGA-1","B"
"ACTATCACTGCCAA-1","A"
"ACTCAGGACTGAAC-1","B"
"ACTCAGGATCTATC-1","B"
"ACTCAGGATTCGTT-1","A"
"ACTCCTCTCAACTG-1","B"
"ACTCGCACGAAAGT-1","A"
"ACTCGCACTACGAC-1","B"
"ACTCTCCTGACACT-1","B"
"ACTCTCCTGCATAC-1","B"
"ACTCTCCTGTTTGG-1","B"
"ACTGAGACAACCAC-1","A"
"ACTGAGACCCATAG-1","A"
"ACTGAGACGTTGGT-1","A"
"ACTGCCACACACGT-1","A"
"ACTGCCACTCCGTC-1","A"
"ACTGGCCTTCAGTG-1","B"
"ACTGTGGACGTGTA-1","A"
"ACTGTGGATCTAGG-1","B"
"ACTGTTACCCACAA-1","A"
"ACTGTTACTGCAGT-1","A"
"ACTTAAGAACCACA-1","B"
"ACTTAAGACCACAA-1","A"
"ACTTAAGATTACTC-1","A"
"ACTTAGCTGCGTAT-1","A"
"ACTTAGCTGGGAGT-1","A"
"ACTTCAACAAGCAA-1","B"
"ACTTCAACGTAGGG-1","B"
"ACTTCCCTTTCCGC-1","A"
"ACTTCTGACATGCA-1","A"
"ACTTGACTCCACAA-1","A"
"ACTTGGGAGAAAGT-1","A"
"ACTTGGGAGGTTTG-1","B"
"ACTTGGGATGTGAC-1","A"
"ACTTGGGATTGACG-1","B"
"ACTTGTACCCGAAT-1","A"
"ACTTGTACCTGTCC-1","B"
"ACTTTGTGCGATAC-1","A"
"ACTTTGTGGAAAGT-1","A"
"ACTTTGTGGATAGA-1","A"
"AGAAACGAAAGTAG-1","B"
"AGAAAGTGCGCAAT-1","A"
"AGAAAGTGGGGATG-1","B"
"AGAACAGAAATGCC-1","A"
"AGAACAGACGACTA-1","B"
"AGAACAGAGACAAA-1","B"
"AGAACGCTTTGCTT-1","A"
"AGAAGATGTGACTG-1","A"
"AGAATGGAAGAAGT-1","B"
"AGAATTTGTAACCG-1","B"
"AGAATTTGTAGAGA-1","A"
"AGACACACTGTAGC-1","A"
"AGACACTGTCAAGC-1","A"
"AGACCTGAAGTAGA-1","A"
"AGACCTGACCAACA-1","B"
"AGACCTGAGGAAGC-1","A"
"AGACGTACAGAGGC-1","A"
"AGACGTACCCCTAC-1","B"
"AGACGTACCTCTTA-1","A"
"AGACGTACTCGTGA-1","B"
"AGACTGACCATCAG-1","B"
"AGACTGACCCTTTA-1","A"
"AGACTTCTCATGCA-1","B"
"AGAGATGACAGTCA-1","A"
"AGAGATGACTGAAC-1","B"
"AGAGATGAGGTTTG-1","A"
"AGAGATGATCTCGC-1","B"
"AGAGATGATTGTGG-1","A"
"AGAGCGGAGGCAAG-1","B"
"AGAGGTCTACAGCT-1","B"
"AGAGTCTGGTCGTA-1","A"
"AGAGTGCTCAGCTA-1","A"
"AGAGTGCTCGAATC-1","A"
"AGAGTGCTGTCATG-1","B"
"AGAGTGCTGTCCTC-1","B"
"AGAGTGCTGTGTTG-1","A"
"AGATATACCCGTAA-1","B"
"AGATATACGATGAA-1","A"
"AGATATACTGTTCT-1","A"
"AGATATTGCCTACC-1","B"
"AGATATTGGCCAAT-1","A"
"AGATCGTGTCTGGA-1","A"
"AGATCGTGTTTGTC-1","A"
"AGATCTCTATCACG-1","A"
"AGATTAACGTTCTT-1","B"
"AGATTCCTATCGTG-1","A"
"AGATTCCTCACTTT-1","B"
"AGATTCCTGACGAG-1","A"
"AGATTCCTGTTCAG-1","A"
"AGCAAAGATATGCG-1","A"
"AGCACAACAGTCTG-1","B"
"AGCACTGAGGGAGT-1","B"
"AGCACTGATATGCG-1","B"
"AGCACTGATGCTTT-1","A"
"AGCACTGATTGCGA-1","A"
"AGCATCGAAGATCC-1","A"
"AGCATCGAAGGGTG-1","B"
"AGCATCGAGCTTCC-1","B"
"AGCATCGAGTGAGG-1","B"
"AGCATCGATAACCG-1","A"
"AGCATGACGATGAA-1","A"
"AGCCAATGGGGAGT-1","A"
"AGCCAATGTATCTC-1","A"
"AGCCACCTGGATCT-1","B"
"AGCCGGTGCCAATG-1","A"
"AGCCGGTGTGTTTC-1","B"
"AGCCGTCTCAATCG-1","B"
"AGCCGTCTGAGAGC-1","A"
"AGCCTCACGTTCGA-1","A"
"AGCCTCACTGTCAG-1","B"
"AGCCTCTGCAGTTG-1","A"
"AGCCTCTGCCAATG-1","A"
"AGCGAACTGGATCT-1","A"
"AGCGAACTTACTGG-1","B"
"AGCGATACGGAGCA-1","A"
"AGCGATTGAGATCC-1","B"
"AGCGCCGAATCTCT-1","B"
"AGCGCCGACAGAGG-1","A"
"AGCGCTCTACCTTT-1","B"
"AGCGGCACCGGGAA-1","A"
"AGCGGCTGATGTGC-1","B"
"AGCGGGCTTGCCAA-1","B"
"AGCGTAACATGCTG-1","B"
"AGCGTAACTGAGAA-1","B"
"AGCTCGCTACTGGT-1","B"
"AGCTCGCTCTGCTC-1","B"
"AGCTGAACCATACG-1","A"
"AGCTGAACCTCTCG-1","B"
"AGCTGCCTTGGGAG-1","B"
"AGCTGCCTTTCATC-1","B"
"AGCTGCCTTTCTGT-1","A"
"AGCTGTGATCCAAG-1","B"
"AGCTTTACAAGTAG-1","B"
"AGCTTTACACCAAC-1","B"
"AGCTTTACTCTCAT-1","A"
"AGGAAATGAGGAGC-1","A"
"AGGAACCTCTTAGG-1","A"
"AGGAACCTTGCCTC-1","A"
"AGGAATGATAACGC-1","B"
"AGGAATGATTTGTC-1","B"
"AGGAGTCTGGTTTG-1","B"
"AGGAGTCTTGTCAG-1","A"
"AGGATAGACATTTC-1","B"
"AGGATAGAGGATTC-1","B"
"AGGATGCTACTAGC-1","B"
"AGGATGCTTTAGGC-1","B"
"AGGCAACTGAAGGC-1","A"
"AGGCAGGAGTACCA-1","A"
"AGGCCTCTAGTCGT-1","A"
"AGGCCTCTCGGAGA-1","A"
"AGGCCTCTCGTAAC-1","B"
"AGGGACGACGTTGA-1","A"
"AGGGACGAGTCAAC-1","B"
"AGGGACGAGTTGTG-1","B"
"AGGGACGATAGAGA-1","A"
"AGGGACGATGCATG-1","A"
"AGGGAGTGAGCCTA-1","B"
"AGGGCCACCATACG-1","B"
"AGGGCGCTAACCAC-1","A"
"AGGGCGCTATGGTC-1","B"
"AGGGTGGACAGTCA-1","A"
"AGGGTGGACTCAAG-1","A"
"AGGGTGGAGTTGCA-1","B"
"AGGGTTTGTTCATC-1","A"
"AGGTCATGAGTGTC-1","B"
"AGGTCATGCTTATC-1","B"
"AGGTCTGATTCTCA-1","B"
"AGGTGGGAAGAATG-1","A"
"AGGTGGGAAGTTCG-1","B"
"AGGTGTTGGTTACG-1","B"
"AGGTTCGAACCTCC-1","A"
"AGGTTCGAACGTAC-1","B"
"AGGTTCGAGGGTGA-1","B"
"AGTAAGGAGTTTGG-1","A"
"AGTAAGGATTCTTG-1","A"
"AGTAATACATCACG-1","A"
"AGTAATACCGAACT-1","A"
"AGTAATTGTCCCAC-1","A"
"AGTACGTGAGGGTG-1","A"
"AGTACGTGCTGCAA-1","A"
"AGTACGTGCTTGGA-1","A"
"AGTACTCTACGTGT-1","B"
"AGTACTCTCAACCA-1","B"
"AGTACTCTCGGTAT-1","A"
"AGTAGGCTTGCCTC-1","B"
"AGTATAACTTGTCT-1","A"
"AGTATCCTAGAACA-1","A"
"AGTCACGATGAGCT-1","B"
"AGTCAGACGAATAG-1","B"
"AGTCAGACGCTTAG-1","B"
"AGTCAGACTAGAGA-1","A"
"AGTCAGACTGCACA-1","A"
"AGTCCAGATATCTC-1","A"
"AGTCCAGATTTCAC-1","A"
"AGTCGAACCAACCA-1","A"
"AGTCGCCTCCGTAA-1","A"
"AGTCTACTAGGGTG-1","A"
"AGTCTACTTGCATG-1","A"
"AGTCTTACACCACA-1","A"
"AGTCTTACTTCGCC-1","B"
"AGTCTTACTTCGGA-1","B"
"AGTGACTGCAACTG-1","B"
"AGTGTTCTAACCTG-1","B"
"AGTGTTCTATAAGG-1","B"
"AGTGTTCTCACTTT-1","B"
"AGTTAAACCACTTT-1","A"
"AGTTATGAACAGTC-1","A"
"AGTTATGACTGAGT-1","B"
"AGTTATGAGTTCAG-1","B"
"AGTTCTACCAGCTA-1","B"
"AGTTCTTGAAGCCT-1","A"
"AGTTGTCTACTACG-1","B"
"AGTTTAGATGGTCA-1","A"
"AGTTTCACGGTCTA-1","B"
"AGTTTGCTACAGTC-1","A"
"AGTTTGCTACTGGT-1","B"
"AGTTTGCTCCAAGT-1","A"
"ATAAACACAGTGCT-1","A"
"ATAAACACCACCAA-1","A"
"ATAACAACATGCTG-1","B"
"ATAACAACGTCTAG-1","B"
"ATAACAACTTTGTC-1","B"
"ATAACATGTACTCT-1","A"
"ATAACCCTGTTGGT-1","B"
"ATAACCCTTGGTAC-1","A"
"ATAAGTACGAATGA-1","A"
"ATAAGTTGGTACGT-1","B"
"ATAAGTTGTCTAGG-1","A"
"ATAATCGAGCTGAT-1","B"
"ATAATCGATGGTTG-1","B"
"ATAATGACCTACTT-1","A"
"ATAATGACTCGTGA-1","B"
"ATACAATGTTAGGC-1","A"
"ATACCACTCGTACA-1","A"
"ATACCACTCTAAGC-1","B"
"ATACCACTGCCAAT-1","B"
"ATACCGGAATGCTG-1","B"
"ATACCGGACATTTC-1","A"
"ATACCGGACTTCGC-1","B"
"ATACCGGAGGTGTT-1","A"
"ATACCGGATCTCGC-1","A"
"ATACCTACGCATCA-1","B"
"ATACCTTGGGGCAA-1","A"
"ATACGGACAGACTC-1","B"
"ATACGGACCTACTT-1","B"
"ATACGGACGAGGTG-1","A"
"ATACGGACTATGCG-1","A"
"ATACGGACTCTGGA-1","B"
"ATACGTCTTAACGC-1","A"
"ATACTCTGCTTCGC-1","B"
"ATACTCTGGTATGC-1","A"
"ATAGATACCATGGT-1","B"
"ATAGATACGACGAG-1","B"
"ATAGATTGGTGTAC-1","B"
"ATAGCCGAACGGAG-1","B"
"ATAGCGTGCAGATC-1","A"
"ATAGCGTGCCCTTG-1","A"
"ATAGCGTGGTATCG-1","B"
"ATAGCGTGTCTCTA-1","A"
"ATAGCTCTCTGATG-1","A"
"ATAGCTCTGAGGTG-1","B"
"ATAGGAGAAACAGA-1","B"
"ATAGGCTGTCAGAC-1","B"
"ATAGTCCTAGTGTC-1","B"
"ATAGTCCTTGCATG-1","B"
"ATAGTCCTTGTCGA-1","B"
"ATAGTTGACAACTG-1","B"
"ATAGTTGACCCTCA-1","B"
"ATAGTTGAGACGTT-1","B"
"ATAGTTGATAAGCC-1","A"
"ATATACGAAGCCAT-1","B"
"ATATACGAATTGGC-1","A"
"ATATAGTGGAATGA-1","B"
"ATATGCCTAGATCC-1","B"
"ATATGCCTGGACAG-1","A"
"ATATGCCTTCTCTA-1","B"
"ATATGCCTTGGTAC-1","B"
"ATCAAATGAGCCTA-1","A"
"ATCAAATGGGTAAA-1","B"
"ATCAACCTAAACGA-1","B"
"ATCAACCTGAGGAC-1","A"
"ATCAACCTTCTCTA-1","B"
"ATCAACCTTTGTCT-1","B"
"ATCACACTTTGTCT-1","A"
"ATCACGGATTGCTT-1","A"
"ATCACGGATTTCGT-1","A"
"ATCATCTGACACCA-1","A"
"ATCATGCTAGAGTA-1","A"
"ATCATGCTGAACCT-1","B"
"ATCCAGGACGCTAA-1","B"
"ATCCAGGATGGAAA-1","A"
"ATCCATACTCCTTA-1","B"
"ATCCATACTTCATC-1","B"
"ATCCCGTGCAGTCA-1","B"
"ATCCCGTGCATGCA-1","B"
"ATCCCGTGGCTGAT-1","B"
"ATCCGCACGCATCA-1","A"
"ATCCTAACGACGGA-1","A"
"ATCCTAACGCTACA-1","A"
"ATCGACGAAACTGC-1","A"
"ATCGACGAATGACC-1","A"
"ATCGAGTGGACGTT-1","B"
"ATCGCAGAATCTCT-1","B"
"ATCGCAGAGTGTCA-1","A"
"ATCGCCACTGAGGG-1","A"
"ATCGCCTGGGTCAT-1","A"
"ATCGCCTGTGGCAT-1","B"
"ATCGCGCTCAGAGG-1","A"
"ATCGCGCTGGGATG-1","A"
"ATCGCGCTTTTCGT-1","B"
"ATCGGAACCAGTCA-1","B"
"ATCGGTGAGTCAAC-1","A"
"ATCGGTGATTGCAG-1","B"
"ATCGTTTGCCTACC-1","B"
"ATCGTTTGGGTACT-1","A"
"ATCGTTTGTGCCAA-1","A"
"ATCTACACCCGCTT-1","A"
"ATCTACACCGGGAA-1","A"
"ATCTCAACAGGAGC-1","A"
"ATCTCAACCTCGAA-1","B"
"ATCTCAACCTTGTT-1","B"
"ATCTGGGAAACCAC-1","B"
"ATCTGGGAAGTGTC-1","A"
"ATCTGGGATTCCGC-1","A"
"ATCTGTTGAACGGG-1","B"
"ATCTGTTGACCTCC-1","B"
"ATCTGTTGCCTTCG-1","B"
"ATCTGTTGGTTGCA-1","B"
"ATCTTGACACCAAC-1","A"
"ATCTTGACCTCCCA-1","B"
"ATCTTTCTGCATCA-1","B"
"ATCTTTCTGTTTCT-1","B"
"ATCTTTCTTGTCCC-1","B"
"ATGAAACTCTGTGA-1","B"
"ATGAAACTGAGGCA-1","B"
"ATGAAGGAACAGCT-1","B"
"ATGAAGGACCTGTC-1","A"
"ATGAAGGACCTTAT-1","A"
"ATGAAGGACTAGTG-1","B"
"ATGAAGGACTTGCC-1","A"
"ATGACGTGACGACT-1","A"
"ATGACGTGATCGGT-1","A"
"ATGAGAGAAAGTGA-1","B"
"ATGAGAGAACGCAT-1","B"
"ATGAGAGAAGTAGA-1","A"
"ATGAGCACACAGCT-1","B"
"ATGAGCACATCTTC-1","A"
"ATGATAACTTCACT-1","B"
"ATGATATGAAACAG-1","A"
"ATGATATGACTGGT-1","B"
"ATGATATGAGCACT-1","B"
"ATGATATGGTCATG-1","A"
"ATGATATGGTGCTA-1","A"
"ATGATATGTTGTCT-1","A"
"ATGCACGAATGTCG-1","B"
"ATGCACGACTGTAG-1","A"
"ATGCACGAGAACCT-1","B"
"ATGCACGAGTTCGA-1","B"
"ATGCACGATTGGTG-1","B"
"ATGCAGTGTTACCT-1","B"
"ATGCAGTGTTCTAC-1","A"
"ATGCCAGAACGACT-1","B"
"ATGCCAGACAGTCA-1","B"
"ATGCCGCTTGAACC-1","B"
"ATGCGATGCTATGG-1","B"
"ATGCGATGCTGAGT-1","A"
"ATGCGATGGTTACG-1","A"
"ATGCGCCTTCATTC-1","A"
"ATGCTTTGCGAATC-1","A"
"ATGCTTTGGGCGAA-1","B"
"ATGCTTTGTAGTCG-1","A"
"ATGGACACATCGGT-1","B"
"ATGGACACGCATCA-1","A"
"ATGGGTACAACCTG-1","A"
"ATGGGTACATCGGT-1","B"
"ATGGGTACTATTCC-1","A"
"ATGGGTACTGGGAG-1","A"
"ATGTAAACACCTCC-1","A"
"ATGTAAACCCGCTT-1","A"
"ATGTAAACGGGATG-1","A"
"ATGTAAACTCTCCG-1","A"
"ATGTAAACTTCACT-1","B"
"ATGTACCTCAGTCA-1","A"
"ATGTACCTTAGTCG-1","B"
"ATGTACCTTTATCC-1","A"
"ATGTACCTTTCACT-1","B"
"ATGTCACTAATGCC-1","A"
"ATGTCACTCTGCTC-1","A"
"ATGTCGGAGGTGAG-1","B"
"ATGTTCACAGTCTG-1","B"
"ATGTTCACCGTAGT-1","B"
"ATGTTGCTTTCAGG-1","B"
"ATTAACGATGAGAA-1","B"
"ATTAACGATGCAAC-1","B"
"ATTAAGACTGCAGT-1","B"
"ATTACCTGCCTTAT-1","B"
"ATTACCTGGAGGAC-1","B"
"ATTACCTGGGCATT-1","B"
"ATTAGATGTTTCAC-1","B"
"ATTATGGAATCTCT-1","B"
"ATTCAAGAACGGGA-1","A"
"ATTCAAGACCTTTA-1","B"
"ATTCAGCTCATTGG-1","B"
"ATTCCAACCATTGG-1","A"
"ATTCCAACTTAGGC-1","A"
"ATTCGACTCACTAG-1","B"
"ATTCGACTGAATAG-1","A"
"ATTCGACTTTTGTC-1","B"
"ATTCGGGAAAGGCG-1","A"
"ATTCGGGATTAGGC-1","B"
"ATTCTTCTGATACC-1","B"
"ATTGAATGGACGGA-1","A"
"ATTGATGAAGGTTC-1","A"
"ATTGATGACTGAGT-1","B"
"ATTGATGAGCGAAG-1","A"
"ATTGATGATCTATC-1","B"
"ATTGCACTGACGGA-1","A"
"ATTGCACTGAGAGC-1","A"
"ATTGCACTGGAGCA-1","A"
"ATTGCACTTAGCCA-1","A"
"ATTGCACTTGCTTT-1","A"
"ATTGCTTGTTACTC-1","A"
"ATTGGTCTGACTAC-1","B"
"ATTGGTCTTGTCTT-1","A"
"ATTGTAGATTCCCG-1","B"
"ATTGTAGATTGCAG-1","A"
"ATTGTCTGCGTACA-1","A"
"ATTTAGGAACCATG-1","A"
"ATTTAGGACAGAGG-1","A"
"ATTTCCGAGATGAA-1","A"
"ATTTCCGAGTGCTA-1","B"
"ATTTCGTGTATGGC-1","B"
"ATTTCTCTACTTTC-1","A"
"ATTTCTCTAGCAAA-1","B"
"ATTTCTCTCACTTT-1","A"
"ATTTCTCTTCCCAC-1","B"
"ATTTGCACAAGATG-1","A"
"CAAAGCACAGCTCA-1","B"
"CAAAGCACCGTAAC-1","B"
"CAAAGCACGGTAAA-1","A"
"CAAAGCTGAAAGTG-1","A"
"CAAAGCTGTTGCTT-1","B"
"CAAATATGTGACAC-1","B"
"CAAATTGAGGGCAA-1","B"
"CAAATTGATGGAGG-1","A"
"CAACCAGAAAAGTG-1","B"
"CAACCAGAAGTGCT-1","A"
"CAACCAGAGTTCAG-1","B"
"CAACCAGATAGAAG-1","B"
"CAACCGCTGTTCAG-1","A"
"CAACCGCTTTGAGC-1","A"
"CAACGATGCGCAAT-1","B"
"CAACGTGACTCCAC-1","A"
"CAACGTGAGCCATA-1","A"
"CAACGTGATCAAGC-1","A"
"CAAGAAGACCACAA-1","B"
"CAAGAAGACGTCTC-1","A"
"CAAGAAGATTCTAC-1","A"
"CAAGACTGACCTGA-1","B"
"CAAGACTGAGTAGA-1","B"
"CAAGCTGACCATAG-1","A"
"CAAGCTGATCTATC-1","B"
"CAAGGACTGTTCAG-1","B"
"CAAGGACTTCTTTG-1","B"
"CAAGGTTGCTCCAC-1","A"
"CAAGGTTGTCATTC-1","B"
"CAAGGTTGTCTGGA-1","A"
"CAAGTCGAAACAGA-1","B"
"CAAGTCGATAGCGT-1","B"
"CAATAAACGCCATA-1","A"
"CAATAATGAACTGC-1","B"
"CAATATGACATGGT-1","B"
"CAATATGACCTTCG-1","A"
"CAATATGACGTTAG-1","B"
"CAATATGAGGAGCA-1","A"
"CAATCGGAGAAACA-1","B"
"CAATCTACTGACTG-1","B"
"CAATTCACCCAACA-1","A"
"CAATTCACGATAGA-1","B"
"CAATTCACTTGTGG-1","A"
"CAATTCTGCTTGTT-1","A"
"CAATTCTGGCGTAT-1","A"
"CACAACGATACGAC-1","B"
"CACAATCTTGTTCT-1","B"
"CACAATCTTTCCAT-1","B"
"CACACCTGCTTGAG-1","B"
"CACACCTGTATGGC-1","A"
"CACAGAACCCTTGC-1","A"
"CACAGAACCTGATG-1","B"
"CACAGATGGGATTC-1","A"
"CACAGATGGTTTCT-1","B"
"CACAGCCTGATACC-1","A"
"CACAGCCTTGCCAA-1","A"
"CACAGCCTTGTAGC-1","A"
"CACAGTGATGAAGA-1","B"
"CACATACTACAGCT-1","A"
"CACATGGAACACGT-1","A"
"CACATGGAAGTCGT-1","B"
"CACCACTGCCAACA-1","A"
"CACCACTGGCGAAG-1","B"
"CACCCATGTTCTGT-1","A"
"CACCGGGAATCGAC-1","B"
"CACCGGGACGAGAG-1","B"
"CACCGGGACGTGTA-1","A"
"CACCGGGACTTCTA-1","A"
"CACCGGGACTTGCC-1","B"
"CACCGGGATTCGGA-1","B"
"CACCGTACTAAGGA-1","A"
"CACCGTACTAGCGT-1","A"
"CACCTGACACCCAA-1","A"
"CACCTGACCAGAAA-1","B"
"CACCTGACCTCAAG-1","A"
"CACCTGACGAAAGT-1","B"
"CACCTGACTCGTAG-1","A"
"CACGAAACTTCCGC-1","A"
"CACGACCTCGATAC-1","A"
"CACGCTACAGAAGT-1","A"
"CACGCTACTGTTCT-1","B"
"CACGCTACTTGACG-1","A"
"CACGGGACAGAGTA-1","A"
"CACGGGACATAAGG-1","A"
"CACGGGACGTAGGG-1","A"
"CACGGGTGCTTCGC-1","A"
"CACGGGTGGAGGAC-1","A"
"CACGGGTGTGTTTC-1","A"
"CACTAACTCCTAAG-1","A"
"CACTAACTGAAAGT-1","A"
"CACTAGGATGATGC-1","A"
"CACTATACCCCGTT-1","A"
"CACTATACGTTTGG-1","B"
"CACTGAGACAGTCA-1","A"
"CACTGCACTTCATC-1","B"
"CACTGCTGAGACTC-1","B"
"CACTGCTGGAAAGT-1","A"
"CACTTAACCGAATC-1","A"
"CACTTAACCGTACA-1","A"
"CACTTTGACTCTAT-1","A"
"CACTTTGAGCTGTA-1","B"
"CAGAAGCTCTCAAG-1","B"
"CAGACATGAACGGG-1","B"
"CAGACATGTCGACA-1","A"
"CAGACCCTAAGGTA-1","B"
"CAGACCCTAATGCC-1","B"
"CAGACCCTAGGAGC-1","B"
"CAGACTGAGTATGC-1","A"
"CAGATCGAATGTCG-1","A"
"CAGATCGACCTGAA-1","A"
"CAGATCGATATGGC-1","A"
"CAGATGACATTCTC-1","B"
"CAGCAATGCCTTCG-1","B"
"CAGCAATGGAGGGT-1","B"
"CAGCAATGGTGCTA-1","A"
"CAGCAATGTCTACT-1","B"
"CAGCAATGTGACCA-1","A"
"CAGCAATGTGAGGG-1","A"
"CAGCACCTAAGCCT-1","A"
"CAGCACCTAGGCGA-1","B"
"CAGCACCTGTAGGG-1","B"
"CAGCATGACAACCA-1","B"
"CAGCATGAGACGTT-1","B"
"CAGCCTACCCAACA-1","B"
"CAGCCTTGCTACCC-1","B"
"CAGCCTTGGGGACA-1","A"
"CAGCGGACACCCTC-1","A"
"CAGCGGACCTTTAC-1","B"
"CAGCGTCTAAAGCA-1","B"
"CAGCGTCTTATCGG-1","A"
"CAGCTAGATGTGAC-1","B"
"CAGCTCTGAGGCGA-1","A"
"CAGCTCTGCAAGCT-1","B"
"CAGCTCTGTCGTAG-1","B"
"CAGCTCTGTGTGGT-1","B"
"CAGGAACTAACTGC-1","B"
"CAGGAACTCTCAGA-1","A"
"CAGGCCGAACACCA-1","B"
"CAGGCCGAACACGT-1","B"
"CAGGCCGAACGACT-1","A"
"CAGGCCGAATCTCT-1","A"
"CAGGCCGACTAGCA-1","A"
"CAGGGCACCATACG-1","A"
"CAGGGCACCCAACA-1","B"
"CAGGGCACTCCCGT-1","B"
"CAGGTAACAGACTC-1","A"
"CAGGTATGAGTCGT-1","A"
"CAGGTATGTGCTTT-1","B"
"CAGGTTGAGGATCT-1","B"
"CAGTGATGGACGGA-1","A"
"CAGTGATGGCTAAC-1","B"
"CAGTGATGGGACAG-1","B"
"CAGTGATGTAAGGA-1","A"
"CAGTGATGTACGCA-1","A"
"CAGTGTGAACACGT-1","A"
"CAGTGTGATGTCAG-1","B"
"CAGTTACTAAGGTA-1","B"
"CAGTTACTGATAGA-1","B"
"CAGTTGGAAAGAGT-1","A"
"CAGTTGGACATACG-1","B"
"CAGTTTACACACGT-1","A"
"CAGTTTACCCCAAA-1","A"
"CATAAAACGGAGCA-1","B"
"CATAAATGAACTGC-1","B"
"CATAACCTTCTCCG-1","B"
"CATACTACCTCGAA-1","B"
"CATACTACCTGAAC-1","A"
"CATACTACGTACCA-1","A"
"CATACTTGGGTTAC-1","A"
"CATAGTCTAATCGC-1","A"
"CATAGTCTCACTTT-1","A"
"CATATAGACTAAGC-1","A"
"CATATAGATCAGGT-1","A"
"CATCAACTAGAAGT-1","B"
"CATCAACTCCCTCA-1","A"
"CATCAGGACTTCCG-1","A"
"CATCAGGATAGCCA-1","A"
"CATCAGGATCCTAT-1","A"
"CATCAGGATGCACA-1","A"
"CATCAGGATTTCGT-1","A"
"CATCATACCGCATA-1","A"
"CATCATACGGAGCA-1","A"
"CATCATACTCAAGC-1","A"
"CATCGCTGGGATCT-1","B"
"CATCGCTGTGGCAT-1","A"
"CATCGGCTATGCTG-1","B"
"CATCGGCTTTGGCA-1","B"
"CATCTCCTATGTGC-1","B"
"CATCTCCTCGAACT-1","B"
"CATGAGACACGGGA-1","B"
"CATGAGACGTTGAC-1","B"
"CATGAGACTCGCCT-1","B"
"CATGCCACGGGTGA-1","B"
"CATGCCACTGCCAA-1","B"
"CATGCGCTAGTCAC-1","A"
"CATGCGCTCAGATC-1","B"
"CATGCGCTTTGCAG-1","B"
"CATGGCCTAGGGTG-1","B"
"CATGGCCTGTGCAT-1","B"
"CATGTACTATCGTG-1","A"
"CATGTTACAGTCGT-1","B"
"CATGTTACCTGAGT-1","A"
"CATGTTTGGGGATG-1","B"
"CATTACACACGGAG-1","B"
"CATTACACCAACTG-1","B"
"CATTACACGGAGTG-1","A"
"CATTACACTACTCT-1","A"
"CATTAGCTCCACAA-1","A"
"CATTGACTAGCGGA-1","B"
"CATTGGGACTCGAA-1","A"
"CATTGTACAGCGTT-1","A"
"CATTGTACTCGATG-1","B"
"CATTGTACTTATCC-1","B"
"CATTGTACTTTGCT-1","A"
"CATTGTTGCTAGTG-1","A"
"CATTTCGACTCTAT-1","B"
"CATTTCGAGATACC-1","B"
"CATTTGACCACACA-1","B"
"CATTTGACCCTGAA-1","B"
"CATTTGTGACGACT-1","B"
"CATTTGTGCATTGG-1","B"
"CATTTGTGCGGAGA-1","B"
"CATTTGTGGGATCT-1","A"
"CCAAAGTGCTACGA-1","B"
"CCAAAGTGTGAGAA-1","A"
"CCAACCTGAAGTAG-1","B"
"CCAACCTGACGTAC-1","A"
"CCAACCTGTTCGCC-1","A"
"CCAAGAACCCAATG-1","A"
"CCAAGAACGTAGCT-1","A"
"CCAAGAACGTGTCA-1","B"
"CCAAGAACTACTGG-1","A"
"CCAAGAACTCCTAT-1","B"
"CCAAGATGTCATTC-1","A"
"CCAAGATGTTTCAC-1","A"
"CCAAGTGAGGAACG-1","B"
"CCAAGTGATCAAGC-1","A"
"CCAATGGAACAGCT-1","A"
"CCAATTTGAACGTC-1","B"
"CCACCATGAACGTC-1","B"
"CCACCATGATCGGT-1","B"
"CCACCATGGACGAG-1","B"
"CCACCATGGGGAGT-1","B"
"CCACCATGTCCTGC-1","B"
"CCACTGACCCGCTT-1","A"
"CCACTGTGGGAAGC-1","B"
"CCACTGTGTGTAGC-1","A"
"CCACTTCTCGGGAA-1","B"
"CCAGAAACCCTGTC-1","A"
"CCAGAAACGAACTC-1","B"
"CCAGAAACGGTCTA-1","A"
"CCAGACCTCTGAGT-1","B"
"CCAGACCTTGTGGT-1","A"
"CCAGCACTGCGATT-1","A"
"CCAGCGGAAAGGCG-1","A"
"CCAGCGGACGACTA-1","A"
"CCAGCGGATGGGAG-1","B"
"CCAGCTACACAGTC-1","A"
"CCAGCTACCAGCTA-1","A"
"CCAGGTCTACACCA-1","A"
"CCAGGTCTAGCATC-1","A"
"CCAGGTCTATGGTC-1","B"
"CCAGTCACACTGGT-1","B"
"CCAGTCACACTGTG-1","A"
"CCAGTCACGTTGTG-1","A"
"CCAGTCTGCGGAGA-1","B"
"CCAGTGCTAACCAC-1","A"
"CCAGTGCTCGTAGT-1","B"
"CCATCCGAAAGCAA-1","A"
"CCATCCGAACGACT-1","A"
"CCATCCGAAGGTTC-1","B"
"CCATCCGATTCGCC-1","B"
"CCATCGTGAACGGG-1","B"
"CCATCGTGCTAGAC-1","A"
"CCCAACACCTCGCT-1","A"
"CCCAACACGCATCA-1","A"
"CCCAACACTTTGTC-1","B"
"CCCAACTGCAATCG-1","A"
"CCCAGACTGCCTTC-1","B"
"CCCAGACTGGTTTG-1","A"
"CCCAGACTTTCGCC-1","B"
"CCCAGTTGCAGTTG-1","A"
"CCCAGTTGGGTACT-1","B"
"CCCAGTTGTCTATC-1","B"
"CCCGATTGTGTTTC-1","A"
"CCCGGAGAAGGGTG-1","B"
"CCCTACGAATTGGC-1","B"
"CCCTAGTGCAAAGA-1","B"
"CCCTCAGACACTTT-1","B"
"CCCTCAGACGAGAG-1","B"
"CCCTCAGAGGTCAT-1","B"
"CCCTGAACTAAAGG-1","A"
"CCCTGATGCAACCA-1","B"
"CCCTGATGCAAGCT-1","A"
"CCCTTACTAACCAC-1","B"
"CCCTTACTGCAGTT-1","B"
"CCGAAAACCTTGTT-1","B"
"CCGACACTGGTTTG-1","A"
"CCGACTACCCAGTA-1","B"
"CCGACTACCGTGTA-1","A"
"CCGACTACTGAGGG-1","A"
"CCGATAGACCTAAG-1","B"
"CCGATAGAGTTGGT-1","A"
"CCGCGAGACACACA-1","B"
"CCGCGAGAGGTTCA-1","A"
"CCGCTATGGGACGA-1","B"
"CCGCTATGTGCAAC-1","B"
"CCGCTATGTGCACA-1","A"
"CCGGTACTGTCCTC-1","A"
"CCGTACACAAGCAA-1","A"
"CCGTACACAGCGTT-1","A"
"CCGTACACGTCATG-1","B"
"CCGTACACGTTGGT-1","A"
"CCGTACACTAACGC-1","A"
"CCTAAACTTTCGTT-1","B"
"CCTAAGGACCCAAA-1","B"
"CCTAAGGACTAGCA-1","B"
"CCTAAGGAGGGCAA-1","B"
"CCTAAGGATGATGC-1","A"
"CCTAAGGATGTCAG-1","A"
"CCTACCGACTCTTA-1","B"
"CCTACCGAGGGATG-1","B"
"CCTAGAGAGGTGAG-1","A"
"CCTATAACCAAAGA-1","B"
"CCTATAACGAGACG-1","A"
"CCTATAACTCAGAC-1","A"
"CCTATAACTGCATG-1","B"
"CCTCGAACACTTTC-1","B"
"CCTCGAACCCGTAA-1","A"
"CCTCGAACGTATCG-1","A"
"CCTCGAACTTACTC-1","B"
"CCTCTACTCTTCGC-1","B"
"CCTCTACTGGCATT-1","A"
"CCTGACTGAAGTAG-1","A"
"CCTGACTGGGGAGT-1","B"
"CCTGACTGTGTCTT-1","A"
"CCTGCAACACGTTG-1","B"
"CCTGGACTCGTGAT-1","B"
"CCTTAATGCCCAAA-1","B"
"CCTTAATGTTCTAC-1","B"
"CCTTCACTACGACT-1","B"
"CCTTCACTCAGTCA-1","B"
"CCTTCACTGGAGTG-1","A"
"CCTTTAGATTCATC-1","B"
"CGAACATGCCCTAC-1","B"
"CGAACATGTCAGAC-1","A"
"CGAAGACTGGAACG-1","B"
"CGAAGACTGTTACG-1","A"
"CGAAGGGAAACCTG-1","B"
"CGAAGGGATCCGAA-1","B"
"CGAAGTACCAACTG-1","A"
"CGAATCGAGGAGCA-1","A"
"CGAATCGAGGAGGT-1","A"
"CGACAAACCCATAG-1","A"
"CGACAAACCGACAT-1","B"
"CGACCACTAAAGTG-1","A"
"CGACCACTGCCAAT-1","B"
"CGACCGGAAGGTCT-1","B"
"CGACCGGATGGAAA-1","A"
"CGACCTTGCTAGTG-1","B"
"CGACCTTGGCAAGG-1","B"
"CGACGTCTATCGTG-1","B"
"CGACGTCTCGTGTA-1","A"
"CGACGTCTGAGGCA-1","A"
"CGACTCACGTCGTA-1","A"
"CGACTCACGTTGCA-1","B"
"CGACTCTGTGTGAC-1","A"
"CGACTGCTTCCTCG-1","B"
"CGAGAACTAAGGCG-1","A"
"CGAGAACTACGTTG-1","A"
"CGAGAACTTGTTCT-1","B"
"CGAGATTGGACACT-1","A"
"CGAGATTGGCCATA-1","A"
"CGAGCCGAACACCA-1","A"
"CGAGCCGACGACAT-1","B"
"CGAGCCGAGGCGAA-1","B"
"CGAGCGTGCTCCAC-1","B"
"CGAGCGTGGATACC-1","B"
"CGAGCGTGTATGCG-1","A"
"CGAGGAGACCTCCA-1","B"
"CGAGGAGATGTCGA-1","B"
"CGAGGCACCTATGG-1","A"
"CGAGGCACTATGCG-1","B"
"CGAGGCACTCTTCA-1","A"
"CGAGGCTGACGCTA-1","A"
"CGAGGCTGGCAGTT-1","A"
"CGAGGGCTACGACT-1","A"
"CGAGGGCTCGAATC-1","A"
"CGAGTATGTCACCC-1","A"
"CGATACGAACAGTC-1","A"
"CGATACGACAGGAG-1","B"
"CGATACGATTCACT-1","A"
"CGATAGACCCGTAA-1","A"
"CGATAGACCGTACA-1","B"
"CGATAGACGTAGGG-1","B"
"CGATAGACTGTTCT-1","A"
"CGATCAGAAGAACA-1","B"
"CGATCAGAGAGGGT-1","B"
"CGATCAGAGGTACT-1","A"
"CGATCAGATGTGAC-1","B"
"CGATCCACCGGGAA-1","A"
"CGATCCACTTCCAT-1","B"
"CGCAAATGCTCGAA-1","A"
"CGCAACCTCCTTGC-1","B"
"CGCAACCTGGACGA-1","B"
"CGCACGGAGGACGA-1","B"
"CGCACGGATCTTTG-1","A"
"CGCACTACAGAATG-1","B"
"CGCACTACAGCCAT-1","B"
"CGCACTACATTGGC-1","A"
"CGCACTACTCGCCT-1","A"
"CGCACTACTCGTGA-1","A"
"CGCACTTGTCACGA-1","A"
"CGCAGGACAGATCC-1","B"
"CGCAGGACCTACTT-1","A"
"CGCAGGACTTGTCT-1","A"
"CGCAGGTGCACTGA-1","A"
"CGCAGGTGCCATAG-1","B"
"CGCAGGTGGGAACG-1","B"
"CGCATAGATCACGA-1","B"
"CGCCATACTGCAAC-1","A"
"CGCCATTGAGAGGC-1","B"
"CGCCATTGCTATGG-1","B"
"CGCCATTGGAGACG-1","A"
"CGCCATTGGAGCAG-1","A"
"CGCCATTGTACTGG-1","A"
"CGCCGAGAGCTTAG-1","A"
"CGCCTAACGAATGA-1","B"
"CGCCTAACTGCTCC-1","B"
"CGCGAGACACAGCT-1","A"
"CGCGAGACAGGTCT-1","B"
"CGCGAGACGCTACA-1","B"
"CGCGATCTCAGTCA-1","B"
"CGCGATCTGTTGAC-1","B"
"CGCGATCTTTCTTG-1","A"
"CGCGGATGGCCAAT-1","A"
"CGCTAAGAATGTCG-1","B"
"CGCTAAGACAACTG-1","B"
"CGCTAAGACCCTTG-1","A"
"CGCTACTGAACAGA-1","A"
"CGCTACTGAGAACA-1","B"
"CGCTACTGTGAGCT-1","B"
"CGCTACTGTTCCCG-1","B"
"CGCTCATGCATTTC-1","B"
"CGGAATTGCACTAG-1","B"
"CGGAATTGGTTTGG-1","A"
"CGGAATTGTGGAGG-1","A"
"CGGACCGATGCGTA-1","B"
"CGGACCGATGGGAG-1","B"
"CGGACTCTAAACAG-1","A"
"CGGACTCTCCAATG-1","A"
"CGGACTCTCCTCGT-1","A"
"CGGAGGCTATTCCT-1","B"
"CGGAGGCTTGGATC-1","B"
"CGGATAACAACGAA-1","B"
"CGGATAACAGCTCA-1","B"
"CGGATAACTCAGTG-1","B"
"CGGCACGAACTCAG-1","B"
"CGGCACGAAGGGTG-1","B"
"CGGCACGACTACGA-1","A"
"CGGCATCTTAGAAG-1","B"
"CGGCATCTTCGTAG-1","B"
"CGGCCAGAAAGGTA-1","A"
"CGGCCAGAGAGGCA-1","A"
"CGGCGAACCAGTCA-1","B"
"CGGCGAACGACAAA-1","A"
"CGGCGAACGGTCTA-1","A"
"CGGCGAACTACTTC-1","A"
"CGGGACTGCGTGTA-1","A"
"CGGGACTGGAATAG-1","A"
"CGGGCATGACCCAA-1","A"
"CGGGCATGTCTCTA-1","B"
"CGGGCATGTTGTGG-1","B"
"CGGTAAACTCGCAA-1","B"
"CGGTCACTGTTTGG-1","A"
"CGGTCACTTACTTC-1","B"
"CGTAACGAATCAGC-1","B"
"CGTAACGATCGCCT-1","B"
"CGTACCACACACAC-1","B"
"CGTACCACACGTTG-1","B"
"CGTACCACCTCATT-1","B"
"CGTACCACGCTACA-1","B"
"CGTACCACGGAGCA-1","A"
"CGTACCTGGACGAG-1","A"
"CGTACCTGGCATCA-1","B"
"CGTAGCCTCTCTCG-1","B"
"CGTAGCCTGCGAAG-1","B"
"CGTAGCCTGTATGC-1","B"
"CGTCAAGAAAGGTA-1","B"
"CGTCAAGAACGTGT-1","A"
"CGTCAAGACAGAGG-1","B"
"CGTCAAGACAGGAG-1","A"
"CGTCCATGCTCTTA-1","B"
"CGTCGACTTTCCGC-1","A"
"CGTGATGACGCTAA-1","A"
"CGTGATGAGGTTCA-1","B"
"CGTGCACTTATGGC-1","A"
"CGTGTAGAAAAACG-1","A"
"CGTGTAGACGATAC-1","B"
"CGTGTAGAGTTACG-1","A"
"CGTGTAGAGTTCAG-1","A"
"CGTGTAGATTCGGA-1","B"
"CGTTAGGAAACCAC-1","B"
"CGTTAGGATCATTC-1","A"
"CGTTATACCCTGAA-1","B"
"CGTTTAACTGGTCA-1","A"
"CTAAACCTCTGACA-1","B"
"CTAAACCTGTGCAT-1","A"
"CTAACACTAACGTC-1","A"
"CTAACACTAGTGCT-1","A"
"CTAACGGAACCGAT-1","A"
"CTAACGGATTTCTG-1","B"
"CTAACTACGGCAAG-1","B"
"CTAAGGACACCATG-1","B"
"CTAAGGACCGTTAG-1","B"
"CTAAGGACGCCATA-1","A"
"CTAAGGTGCCTAAG-1","A"
"CTAAGGTGTTGCAG-1","B"
"CTAAGGTGTTTCTG-1","B"
"CTAATAGAGCTATG-1","A"
"CTAATGCTTGTGGT-1","A"
"CTACAACTCCCGTT-1","B"
"CTACCTCTCAACCA-1","B"
"CTACGCACACCTAG-1","A"
"CTACGCACTCTCCG-1","B"
"CTACGCACTGGTCA-1","A"
"CTACGGCTTTCTTG-1","A"
"CTACTATGAACCAC-1","B"
"CTACTATGATGTGC-1","A"
"CTACTATGCTAAGC-1","B"
"CTACTATGTAAAGG-1","B"
"CTACTCCTATGTCG-1","B"
"CTACTCCTGCCATA-1","B"
"CTAGAGACACTTTC-1","A"
"CTAGAGACAGCATC-1","A"
"CTAGAGACTTTGGG-1","B"
"CTAGATCTCTCTAT-1","A"
"CTAGATCTTCGACA-1","A"
"CTAGGATGAGCCTA-1","B"
"CTAGGATGATCGTG-1","B"
"CTAGGCCTCTCAGA-1","A"
"CTAGGTGATGGTTG-1","B"
"CTAGTTACCAGAGG-1","B"
"CTAGTTACCGCATA-1","B"
"CTAGTTACGAAACA-1","A"
"CTAGTTTGAGTACC-1","A"
"CTATAAGATCGTTT-1","B"
"CTATACTGAGGTTC-1","B"
"CTATACTGCCAGTA-1","A"
"CTATACTGCGCTAA-1","A"
"CTATACTGCTACGA-1","A"
"CTATACTGTCTCAT-1","A"
"CTATACTGTTCGTT-1","B"
"CTATAGCTGTCACA-1","A"
"CTATAGCTTCGCTC-1","B"
"CTATAGCTTGCCTC-1","A"
"CTATCAACGAACTC-1","B"
"CTATCAACGCAGAG-1","B"
"CTATCAACTTTGGG-1","B"
"CTATCCCTCCACCT-1","B"
"CTATGTACGAGAGC-1","A"
"CTATGTACGCTTAG-1","A"
"CTATGTACTGTTTC-1","B"
"CTATGTTGAAAGCA-1","A"
"CTATGTTGTCCTCG-1","A"
"CTATGTTGTCTCGC-1","A"
"CTATTGACAAACGA-1","B"
"CTATTGACACTGGT-1","A"
"CTATTGACGGTGAG-1","B"
"CTATTGTGGCAAGG-1","A"
"CTCAATTGGTTCAG-1","B"
"CTCAATTGGTTGCA-1","A"
"CTCAGAGATAGAAG-1","A"
"CTCAGCACTCTAGG-1","B"
"CTCAGCACTGAACC-1","B"
"CTCAGCACTTGCAG-1","B"
"CTCAGCTGAACCTG-1","B"
"CTCAGCTGCAGTTG-1","B"
"CTCAGCTGTTTCTG-1","B"
"CTCAGGCTCGTTGA-1","A"
"CTCAGGCTGCTAAC-1","B"
"CTCATTGACCTTAT-1","A"
"CTCATTGATGCTTT-1","B"
"CTCATTGATTGCTT-1","B"
"CTCCACGAGAGATA-1","A"
"CTCCATCTCTTAGG-1","B"
"CTCCATCTGACGAG-1","B"
"CTCCGAACAAGTGA-1","B"
"CTCCTACTGCCTTC-1","A"
"CTCGAAGATGTGGT-1","A"
"CTCGAAGATTAGGC-1","A"
"CTCGACTGCTCTAT-1","B"
"CTCGACTGGGTGAG-1","B"
"CTCGACTGGTTGAC-1","B"
"CTCGAGCTCTGGAT-1","B"
"CTCGCATGACTTTC-1","B"
"CTCGCATGCTTAGG-1","B"
"CTCTAAACCTCGAA-1","A"
"CTCTAAACGGCGAA-1","A"
"CTCTAATGTCCAAG-1","A"
"CTGAACGACAGTCA-1","A"
"CTGAACGATGAGGG-1","B"
"CTGAAGACCCAACA-1","A"
"CTGAAGACGTGCAT-1","B"
"CTGAAGTGAAGCCT-1","B"
"CTGAAGTGCAGCTA-1","B"
"CTGAAGTGGCTATG-1","B"
"CTGAAGTGTCCAGA-1","B"
"CTGAATCTGAATAG-1","A"
"CTGACAGAATCGTG-1","A"
"CTGACCACAGCAAA-1","B"
"CTGAGAACCGGGAA-1","B"
"CTGAGAACGTAAAG-1","A"
"CTGATACTAGTAGA-1","A"
"CTGATTTGGTGTTG-1","A"
"CTGCAGCTAACCGT-1","A"
"CTGCAGCTGACACT-1","B"
"CTGCAGCTGGATTC-1","A"
"CTGCAGCTTGGCAT-1","A"
"CTGCCAACAGGAGC-1","B"
"CTGCCAACCAGCTA-1","A"
"CTGCCAACTAACCG-1","A"
"CTGCCAACTGCTCC-1","B"
"CTGCCAACTTGCAG-1","A"
"CTGCCAACTTGCTT-1","A"
"CTGCGACTCCACCT-1","B"
"CTGGAAACAAACGA-1","A"
"CTGGAAACATCGAC-1","A"
"CTGGATGACTGGAT-1","B"
"CTGGATGACTTGTT-1","A"
"CTGGATGATGTGAC-1","B"
"CTGGCACTCAAGCT-1","A"
"CTGGCACTGGACAG-1","B"
"CTGTAACTAACCAC-1","B"
"CTGTAACTAGCGTT-1","A"
"CTGTATACGTAAAG-1","B"
"CTGTATACGTACGT-1","B"
"CTGTATACGTTGGT-1","B"
"CTGTGAGACAACCA-1","B"
"CTGTGAGACCTTGC-1","A"
"CTGTGAGACGAACT-1","A"
"CTGTGAGACTGTAG-1","B"
"CTTAAAGAACCTGA-1","A"
"CTTAACACCTGTAG-1","B"
"CTTAACACGAGCTT-1","A"
"CTTAACACTATCGG-1","A"
"CTTAAGCTACCTAG-1","B"
"CTTAAGCTAGTACC-1","B"
"CTTAAGCTCATCAG-1","B"
"CTTAAGCTCCGCTT-1","B"
"CTTAAGCTTCCTCG-1","A"
"CTTACAACTAACGC-1","A"
"CTTACAACTCCCGT-1","A"
"CTTACTGACGTACA-1","A"
"CTTAGACTAAACGA-1","B"
"CTTAGGGACTTGCC-1","B"
"CTTAGGGAGAATCC-1","B"
"CTTATCGACTCATT-1","B"
"CTTCACCTACCTGA-1","A"
"CTTCATGAAGCATC-1","B"
"CTTCATGAAGTACC-1","A"
"CTTCATGACCGAAT-1","B"
"CTTGAACTACGCAT-1","B"
"CTTGATTGAGGTTC-1","B"
"CTTGATTGATCTTC-1","A"
"CTTGATTGCATTCT-1","A"
"CTTGATTGTTTCGT-1","A"
"CTTGTATGACACCA-1","A"
"CTTGTATGCGCAAT-1","A"
"CTTTACGAGCGAAG-1","B"
"CTTTAGACCGTGAT-1","A"
"CTTTAGACGAGACG-1","A"
"CTTTAGACGATACC-1","A"
"CTTTAGACGTTGGT-1","B"
"CTTTAGACTCATTC-1","A"
"CTTTAGTGACGGGA-1","A"
"CTTTAGTGGGTGGA-1","A"
"CTTTCAGAGAAACA-1","A"
"CTTTGATGAGCACT-1","A"
"CTTTGATGTCTAGG-1","A"
"CTTTGATGTGTCCC-1","B"
"CTTTGATGTGTGGT-1","A"
"GAAACAGAACTACG-1","A"
"GAAACAGAATCACG-1","A"
"GAAACAGACATTCT-1","B"
"GAAACCTGATCGTG-1","A"
"GAAACCTGATGCCA-1","A"
"GAAACCTGCTTATC-1","B"
"GAAACCTGGACTAC-1","A"
"GAAACCTGTGCTAG-1","A"
"GAAAGATGATTTCC-1","A"
"GAAAGATGCTGATG-1","B"
"GAAAGATGCTTCGC-1","A"
"GAAAGATGTAAGGA-1","B"
"GAAAGATGTTTGCT-1","A"
"GAAAGCCTACGTTG-1","B"
"GAAAGTGAAAGTGA-1","A"
"GAAAGTGACCACAA-1","A"
"GAAAGTGACTCAAG-1","B"
"GAAATACTACCAAC-1","A"
"GAAATACTCTTAGG-1","A"
"GAAATACTTCCTCG-1","A"
"GAACACACGTGCAT-1","B"
"GAACACACTGCCTC-1","A"
"GAACAGCTAACTGC-1","B"
"GAACAGCTCTCAGA-1","B"
"GAACCAACCACAAC-1","A"
"GAACCAACTTCCGC-1","B"
"GAACCTGAACGTGT-1","A"
"GAACCTGAGAGACG-1","A"
"GAACCTGATGAACC-1","B"
"GAACGGGATACTTC-1","B"
"GAACGTTGACGGAG-1","A"
"GAACTGTGACCTGA-1","A"
"GAACTGTGCCAGTA-1","A"
"GAAGAATGCAATCG-1","A"
"GAAGCGGACCTATT-1","A"
"GAAGCTACGAATGA-1","B"
"GAAGCTACGGTTTG-1","B"
"GAAGGGTGAAAGTG-1","A"
"GAAGGGTGCTTAGG-1","B"
"GAAGGTCTGAAAGT-1","A"
"GAAGGTCTGTTGCA-1","A"
"GAAGGTCTTAAAGG-1","A"
"GAAGTAGACTCCCA-1","A"
"GAAGTAGATCCAAG-1","B"
"GAAGTCACCCTCGT-1","B"
"GAAGTCACCCTGTC-1","B"
"GAAGTCTGTCGCAA-1","B"
"GAAGTCTGTTCTGT-1","A"
"GAAGTGCTAAACGA-1","B"
"GAAGTGCTCCGCTT-1","A"
"GAAGTGCTTAACCG-1","A"
"GAATGCACCCTAAG-1","A"
"GAATGCACCTTCGC-1","A"
"GAATGCTGCGGTAT-1","A"
"GAATGGCTAAGATG-1","A"
"GAATTAACGATAAG-1","B"
"GAATTAACGGTCAT-1","B"
"GAATTAACGTCGTA-1","B"
"GAATTAACTGAAGA-1","B"
"GACAACACAGGCGA-1","B"
"GACAACACATCGTG-1","B"
"GACAACACTCGCCT-1","B"
"GACAACTGAGGTTC-1","A"
"GACAGGGAAGAGTA-1","B"
"GACAGGGAATGCCA-1","B"
"GACAGTACGAGCTT-1","B"
"GACAGTACTTCGGA-1","B"
"GACAGTTGAGTAGA-1","A"
"GACATTCTCCACCT-1","B"
"GACCAAACGACTAC-1","B"
"GACCAAACGTATCG-1","B"
"GACCATGACTCTCG-1","B"
"GACCCTACTAAAGG-1","A"
"GACCTAGACCTCAC-1","A"
"GACCTAGACGAGAG-1","A"
"GACCTCACAAGGTA-1","A"
"GACCTCACGTACGT-1","B"
"GACCTCTGCATCAG-1","A"
"GACGAACTCCCACT-1","B"
"GACGATTGCCAATG-1","A"
"GACGCCGACCTTCG-1","B"
"GACGCTCTCTCTCG-1","B"
"GACGGCACACGGGA-1","B"
"GACGGCACGAGATA-1","A"
"GACGTAACCTATGG-1","A"
"GACGTAACCTGTGA-1","A"
"GACGTAACTATGGC-1","B"
"GACGTATGTTGACG-1","A"
"GACGTATGTTTGCT-1","B"
"GACGTCCTACGGAG-1","B"
"GACGTCCTCTCAAG-1","A"
"GACGTCCTGATAAG-1","B"
"GACTACGATGGTCA-1","A"
"GACTCCTGCTCGCT-1","A"
"GACTCCTGGGTTAC-1","B"
"GACTCCTGTTATCC-1","A"
"GACTCCTGTTGGTG-1","B"
"GACTGAACAACCGT-1","B"
"GACTGAACCAATCG-1","B"
"GACTGATGTGATGC-1","A"
"GACTTTACATGCCA-1","B"
"GACTTTACGACAGG-1","B"
"GAGAAATGTTCTCA-1","B"
"GAGATAGAAAAAGC-1","A"
"GAGATCACGACAAA-1","B"
"GAGATGCTCTGGAT-1","B"
"GAGATGCTGAATGA-1","A"
"GAGCAGGATTCCCG-1","A"
"GAGCATACTTTGCT-1","B"
"GAGCGCACGCGTAT-1","A"
"GAGCGCACGGTGAG-1","B"
"GAGCGCTGAAGATG-1","A"
"GAGCGCTGTCTTAC-1","A"
"GAGCGGCTGGGAGT-1","A"
"GAGGACGACTCAGA-1","B"
"GAGGATCTGAAAGT-1","B"
"GAGGCAGACTTGCC-1","B"
"GAGGGAACACCAGT-1","A"
"GAGGGAACGAGGGT-1","A"
"GAGGGATGGGAAAT-1","B"
"GAGGGCCTTCACCC-1","B"
"GAGGGTGAAGAGTA-1","B"
"GAGGTACTACGGTT-1","B"
"GAGGTACTACTCAG-1","A"
"GAGGTACTGACACT-1","A"
"GAGGTACTGGGAGT-1","A"
"GAGGTACTTAGCGT-1","B"
"GAGGTGGAGTACGT-1","A"
"GAGGTGGATCCTCG-1","B"
"GAGGTTACTCGTTT-1","A"
"GAGGTTTGTAAGCC-1","A"
"GAGTCAACCATTCT-1","B"
"GAGTCAACGGGAGT-1","B"
"GAGTCTGATCGTGA-1","B"
"GAGTCTGATTTGGG-1","B"
"GAGTGACTCAGCTA-1","A"
"GAGTGACTCGGTAT-1","A"
"GAGTGACTCTTGCC-1","B"
"GAGTGACTGACTAC-1","A"
"GAGTGACTGTCTAG-1","B"
"GAGTGGGAGTCTTT-1","A"
"GAGTGGGATGCCCT-1","B"
"GAGTGGGATGCTGA-1","A"
"GAGTGTTGCTGTAG-1","A"
"GAGTGTTGTGGTCA-1","B"
"GAGTTGTGCATGGT-1","B"
"GAGTTGTGCTGAGT-1","A"
"GAGTTGTGGCGAGA-1","A"
"GAGTTGTGGTAGCT-1","B"
"GAGTTGTGTATGCG-1","A"
"GATAAGGAGAAACA-1","B"
"GATAAGGATTCACT-1","A"
"GATACTCTATCGGT-1","B"
"GATACTCTTACTTC-1","A"
"GATACTCTTGACTG-1","B"
"GATAGAGAAGGGTG-1","A"
"GATAGAGACTGTGA-1","A"
"GATAGAGATCACGA-1","B"
"GATAGCACCCATAG-1","B"
"GATAGCACGAAGGC-1","A"
"GATAGCACTTGTCT-1","A"
"GATATAACAAGGTA-1","A"
"GATATAACACGCAT-1","A"
"GATATATGCTGGAT-1","A"
"GATATATGTCCGTC-1","A"
"GATATATGTGGAGG-1","B"
"GATATCCTAGAAGT-1","B"
"GATATCCTCCCGTT-1","B"
"GATATTGACAGGAG-1","B"
"GATATTGACGAGTT-1","B"
"GATATTGAGCCAAT-1","B"
"GATCCCTGACCTTT-1","B"
"GATCCCTGTGTAGC-1","A"
"GATCCGCTGGTCAT-1","A"
"GATCGAACCGAGAG-1","A"
"GATCGATGACTAGC-1","B"
"GATCGATGGTAAAG-1","A"
"GATCGATGTAAGGA-1","B"
"GATCGTGACACTAG-1","A"
"GATCGTGATTCACT-1","A"
"GATCTACTGGTGAG-1","B"
"GATCTACTTTGCAG-1","A"
"GATCTTACACCCAA-1","A"
"GATCTTACCCTACC-1","B"
"GATCTTACGAATAG-1","B"
"GATCTTACGAGATA-1","A"
"GATGCAACTCCAGA-1","A"
"GATGCCCTACGTAC-1","B"
"GATGCCCTCTCATT-1","B"
"GATGCCCTGGCAAG-1","B"
"GATGCCCTTTTGCT-1","A"
"GATTACCTTGTTCT-1","A"
"GATTCGGAACGACT-1","A"
"GATTCGGACAGGAG-1","A"
"GATTCGGAGAAGGC-1","B"
"GATTCTTGATTCGG-1","A"
"GATTCTTGCCGATA-1","B"
"GATTCTTGCGAGTT-1","A"
"GATTGGACCCGTTC-1","A"
"GATTGGACGGTGTT-1","A"
"GATTGGACTTTCGT-1","A"
"GATTGGTGTGTCAG-1","B"
"GATTTAGACACTCC-1","A"
"GATTTAGACTAAGC-1","B"
"GATTTAGATTCGTT-1","A"
"GATTTGCTAACGAA-1","A"
"GATTTGCTAACGGG-1","A"
"GCAACCCTCCTCGT-1","B"
"GCAACTGATTGCGA-1","A"
"GCAAGACTACTGGT-1","B"
"GCAAGACTAGGTCT-1","B"
"GCAAGACTCCCTTG-1","A"
"GCAATCGACTGCAA-1","A"
"GCAATCGAGACGTT-1","B"
"GCAATCGATCCTTA-1","B"
"GCAATTCTCGTGTA-1","A"
"GCAATTCTTCTCCG-1","B"
"GCACAAACAATGCC-1","B"
"GCACAAACGGTACT-1","B"
"GCACAATGGTGCAT-1","A"
"GCACACCTGTGCTA-1","B"
"GCACCACTCATGAC-1","B"
"GCACCACTGTTTGG-1","B"
"GCACCACTTCCTTA-1","B"
"GCACCACTTTCGGA-1","B"
"GCACCTACGCGATT-1","B"
"GCACCTTGGCTGTA-1","A"
"GCACCTTGGGGAGT-1","A"
"GCACGGACCAGCTA-1","A"
"GCACGGTGACCTCC-1","A"
"GCACGGTGCTATGG-1","B"
"GCACTAGAACGGGA-1","A"
"GCACTAGAAGATGA-1","B"
"GCACTAGACCTTTA-1","B"
"GCACTAGACGTAAC-1","B"
"GCACTAGAGTCGTA-1","B"
"GCACTAGATGCAAC-1","B"
"GCACTGCTGAGGCA-1","B"
"GCAGATACAGCGTT-1","A"
"GCAGATACGACGGA-1","A"
"GCAGATACGCAGAG-1","B"
"GCAGCCGACAGTCA-1","A"
"GCAGCGTGCACTCC-1","B"
"GCAGCTCTCAATCG-1","B"
"GCAGCTCTGTTTCT-1","B"
"GCAGGGCTAAGAAC-1","B"
"GCAGGGCTAAGGGC-1","A"
"GCAGGGCTATCGAC-1","B"
"GCAGGGCTTGGGAG-1","A"
"GCAGTCCTAACTGC-1","B"
"GCAGTCCTCTCTTA-1","A"
"GCATCAGATGCGTA-1","B"
"GCATGTGACAAGCT-1","A"
"GCATTGGAGAAGGC-1","A"
"GCCAAAACGAGGCA-1","A"
"GCCAAATGATCGAC-1","A"
"GCCAACCTACGGTT-1","A"
"GCCAACCTCGCCTT-1","B"
"GCCACGGAGGCGAA-1","B"
"GCCACGGATACTGG-1","B"
"GCCACTACCTACTT-1","B"
"GCCACTACGTCTTT-1","B"
"GCCCAACTACCGAT-1","A"
"GCCCAACTATGGTC-1","A"
"GCCCATACAGCGTT-1","B"
"GCCGACGAACTCTT-1","B"
"GCCGAGTGCGTTGA-1","B"
"GCCGGAACGAACTC-1","A"
"GCCGGAACGTTCTT-1","B"
"GCCGGAACTGCACA-1","B"
"GCCGGAACTTACTC-1","B"
"GCCGTACTACCTGA-1","A"
"GCCGTACTGGCAAG-1","A"
"GCCTACACAGTTCG-1","B"
"GCCTACACCACTGA-1","A"
"GCCTACACCTTGAG-1","A"
"GCCTAGCTACGGAG-1","B"
"GCCTAGCTCTATTC-1","A"
"GCCTAGCTTCTCAT-1","B"
"GCCTAGCTTCTCTA-1","A"
"GCCTCAACCATGGT-1","A"
"GCCTCAACTCTTTG-1","B"
"GCCTCATGTCTTAC-1","A"
"GCCTGACTCTCAAG-1","A"
"GCGAAGGAACTCTT-1","B"
"GCGAAGGAGAGCTT-1","B"
"GCGAAGGATGCCAA-1","A"
"GCGAGAGAGGGACA-1","A"
"GCGAGCACTGTCGA-1","B"
"GCGAGCACTTGACG-1","A"
"GCGAGCACTTGCTT-1","B"
"GCGATATGGTACGT-1","A"
"GCGATATGGTGTTG-1","B"
"GCGCACGAAGTCGT-1","A"
"GCGCACGACTTTAC-1","A"
"GCGCATCTAGGTCT-1","B"
"GCGCATCTGGTTAC-1","A"
"GCGCATCTTCGATG-1","B"
"GCGCATCTTGCTCC-1","A"
"GCGCATCTTTCTAC-1","A"
"GCGCGAACGTTCTT-1","B"
"GCGCGATGAACGGG-1","B"
"GCGCGATGGTGCAT-1","B"
"GCGGAGCTCCTGAA-1","A"
"GCGGCAACCCGATA-1","A"
"GCGGCAACGGAGGT-1","B"
"GCGGCAACTGTCGA-1","A"
"GCGTAAACACGGTT-1","A"
"GCGTAATGCACCAA-1","A"
"GCGTATGAACACCA-1","A"
"GCGTATGATGAGAA-1","A"
"GCTACAGAAAGGTA-1","B"
"GCTACAGAATCTTC-1","B"
"GCTACAGATCTTAC-1","B"
"GCTACCTGAGAAGT-1","B"
"GCTACCTGATCACG-1","A"
"GCTACGCTAGAATG-1","B"
"GCTACGCTAGCTAC-1","B"
"GCTACGCTCCCTAC-1","B"
"GCTAGAACAGAGGC-1","B"
"GCTAGAACGGATCT-1","B"
"GCTAGAACTCCCGT-1","B"
"GCTAGATGAGCTCA-1","A"
"GCTAGATGGCGATT-1","B"
"GCTATACTAAGGCG-1","B"
"GCTATACTAGCGTT-1","B"
"GCTATACTCTCTTA-1","B"
"GCTATACTGGACGA-1","A"
"GCTCAAGAACCATG-1","A"
"GCTCAAGAAGTCAC-1","B"
"GCTCAGCTGTCTAG-1","A"
"GCTCCATGAGAAGT-1","A"
"GCTCCATGCCGAAT-1","B"
"GCTCGACTCTAGTG-1","A"
"GCTGATGAGGTATC-1","A"
"GCTTAACTACAGTC-1","B"
"GCTTAACTACTGGT-1","A"
"GCTTAACTGCTGAT-1","B"
"GCTTAACTTAGACC-1","A"
"GCTTAACTTCAGTG-1","B"
"GGAACACTCACTTT-1","A"
"GGAACACTTCAGAC-1","B"
"GGAACTACTACTTC-1","B"
"GGAACTTGAAGGTA-1","B"
"GGAACTTGAGAATG-1","A"
"GGAACTTGCTCCAC-1","A"
"GGAACTTGGGTAGG-1","B"
"GGAAGGACATCGGT-1","A"
"GGAAGGACCACTAG-1","B"
"GGAAGGACGAGGGT-1","A"
"GGAAGGACGCGAAG-1","A"
"GGAAGGTGGCGAGA-1","B"
"GGAATCTGAAGGGC-1","B"
"GGAATCTGAGGAGC-1","B"
"GGAATCTGCTTAGG-1","B"
"GGAATCTGCTTGTT-1","A"
"GGAATCTGGGAGGT-1","B"
"GGAATGCTTTCTAC-1","B"
"GGACAGGAAAGGGC-1","A"
"GGACAGGAGTGCTA-1","A"
"GGACAGGATCTCGC-1","B"
"GGACCCGAAGCTAC-1","A"
"GGACCGTGCTTACT-1","A"
"GGACCGTGGGAACG-1","A"
"GGACCGTGTAACGC-1","A"
"GGACCTCTGTAAGA-1","A"
"GGACCTCTTTTCTG-1","B"
"GGACGAGAGTGTCA-1","B"
"GGACGCTGACGCAT-1","A"
"GGACGCTGCTAGCA-1","B"
"GGACGCTGTCCTCG-1","B"
"GGAGAGACGTGAGG-1","B"
"GGAGCAGATTCAGG-1","A"
"GGAGCCACCTTCTA-1","B"
"GGAGCGCTACGCAT-1","B"
"GGAGCGCTCCGAAT-1","A"
"GGAGGATGCCACCT-1","B"
"GGAGGATGGTTGAC-1","A"
"GGAGGATGTCAGTG-1","A"
"GGAGGCCTCGTTGA-1","A"
"GGAGGCCTTTCTTG-1","A"
"GGAGGTGATACGCA-1","A"
"GGAGGTGATCGCTC-1","A"
"GGATACTGCAGCTA-1","B"
"GGATACTGTCTAGG-1","A"
"GGATAGCTCGTCTC-1","A"
"GGATAGCTCTGAAC-1","B"
"GGATGTACCAAAGA-1","B"
"GGATGTACGCGAAG-1","B"
"GGATGTACGTCTTT-1","B"
"GGATGTACGTGTCA-1","A"
"GGATTTCTAGGTTC-1","A"
"GGATTTCTTTGTCT-1","A"
"GGCAAGGAAAAAGC-1","A"
"GGCAAGGAAGAAGT-1","B"
"GGCAAGGACTTGGA-1","A"
"GGCAAGGAGGACTT-1","A"
"GGCAATACGCTAAC-1","A"
"GGCAATACGGCATT-1","A"
"GGCAATACGTTTCT-1","A"
"GGCACGTGGCTTAG-1","B"
"GGCACGTGTGAGAA-1","B"
"GGCACTCTTTTGTC-1","B"
"GGCATATGCTTATC-1","A"
"GGCATATGGGGAGT-1","A"
"GGCATATGTGTGAC-1","A"
"GGCCACGACAGAGG-1","B"
"GGCCAGACTGGTTG-1","B"
"GGCCCAGAAAGTAG-1","B"
"GGCCGAACAACGAA-1","B"
"GGCCGAACGCAGAG-1","B"
"GGCCGAACGTAGGG-1","A"
"GGCCGAACTCTAGG-1","B"
"GGCCGATGCAGGAG-1","B"
"GGCCGATGCCGAAT-1","A"
"GGCCGATGTACTCT-1","A"
"GGCGACACTGCCCT-1","A"
"GGCGACTGCGTAAC-1","B"
"GGCGCATGCCTAAG-1","B"
"GGCGCATGCTCCAC-1","A"
"GGCGCATGTGGAAA-1","B"
"GGCGGACTAGAGGC-1","B"
"GGCGGACTAGGAGC-1","A"
"GGCGGACTCTGACA-1","B"
"GGCGGACTCTTGGA-1","A"
"GGCGGACTTACTGG-1","B"
"GGCGGACTTGAACC-1","B"
"GGCTAAACACCTGA-1","A"
"GGCTAAACTCTTAC-1","B"
"GGCTAATGAGCACT-1","B"
"GGCTAATGGTCTAG-1","B"
"GGCTCACTACTCAG-1","A"
"GGGAACGAAGCTCA-1","B"
"GGGAACGACACAAC-1","B"
"GGGAACGAGTGTCA-1","A"
"GGGAAGTGTTGAGC-1","A"
"GGGACCACACGTTG-1","A"
"GGGACCACAGAACA-1","B"
"GGGACCACGAATAG-1","B"
"GGGACCACGTCATG-1","A"
"GGGACCACTCAAGC-1","A"
"GGGACCACTCGTGA-1","A"
"GGGACCACTGCATG-1","B"
"GGGACCTGACCCTC-1","B"
"GGGACCTGCTTGCC-1","B"
"GGGACCTGTGGAGG-1","A"
"GGGATGGACGACAT-1","A"
"GGGATGGATACTTC-1","A"
"GGGATGGATGGTTG-1","B"
"GGGATTACGTCTAG-1","A"
"GGGCAAGATGCATG-1","A"
"GGGCACACGGTGAG-1","A"
"GGGCACACGTTGCA-1","B"
"GGGCAGCTTGGGAG-1","B"
"GGGCAGCTTTTCTG-1","A"
"GGGCCAACCTTGGA-1","A"
"GGGCCAACGCGTTA-1","A"
"GGGCCAACTACGCA-1","B"
"GGGCCAACTCCAAG-1","B"
"GGGCCATGATGGTC-1","A"
"GGGCCATGTTGACG-1","B"
"GGGTAACTCAGCTA-1","B"
"GGGTAACTCTAGTG-1","B"
"GGGTAACTCTGGAT-1","A"
"GGGTTAACGTGCAT-1","B"
"GGTAAAGAGCTAAC-1","A"
"GGTACAACTGCAAC-1","B"
"GGTACATGAAAGCA-1","B"
"GGTACATGAGCTCA-1","B"
"GGTACATGCGGTAT-1","A"
"GGTACATGGTTACG-1","B"
"GGTACATGTGGGAG-1","B"
"GGTACTGAACTCTT-1","B"
"GGTAGTACACCACA-1","B"
"GGTAGTACACTAGC-1","A"
"GGTAGTACCCTGTC-1","B"
"GGTAGTACGCCATA-1","A"
"GGTAGTACTGTCTT-1","B"
"GGTATCGAGACAAA-1","B"
"GGTATCGATGAACC-1","B"
"GGTCAAACCAAAGA-1","B"
"GGTCTAGAGAAACA-1","B"
"GGTCTAGATAGCGT-1","A"
"GGTGATACCGACTA-1","B"
"GGTGATACGACTAC-1","A"
"GGTGATACTGTTTC-1","A"
"GGTGGAGAAACGGG-1","A"
"GGTGGAGAAGTAGA-1","A"
"GGTGGAGACAGATC-1","A"
"GGTGGAGATCGATG-1","A"
"GGTGGAGATCTCTA-1","A"
"GGTGGAGATTACTC-1","A"
"GGTTTACTACGCAT-1","A"
"GTAACGTGACCTCC-1","A"
"GTAACGTGATCGGT-1","A"
"GTAACGTGCAGCTA-1","A"
"GTAACGTGGTTGAC-1","A"
"GTAAGCACAACGGG-1","B"
"GTAAGCACTCATTC-1","B"
"GTAAGCTGGTACCA-1","B"
"GTAATAACCTTCTA-1","A"
"GTAATAACGTTGTG-1","A"
"GTACCCTGACAGTC-1","A"
"GTACCCTGGAGCTT-1","A"
"GTACCCTGTCCTTA-1","B"
"GTACCCTGTGAACC-1","B"
"GTACGTGAACGTTG-1","A"
"GTACTTTGTCGACA-1","A"
"GTAGACTGAGATGA-1","B"
"GTAGACTGTATTCC-1","B"
"GTAGCAACAGTCGT-1","B"
"GTAGCAACCATTTC-1","A"
"GTAGCAACGGTAGG-1","A"
"GTAGCATGCACTCC-1","B"
"GTAGCATGTAAGCC-1","B"
"GTAGCCCTGACGTT-1","B"
"GTAGCTGAAGCTAC-1","B"
"GTAGCTGAATTCGG-1","A"
"GTAGGTACACGGGA-1","B"
"GTAGTGACCTCATT-1","A"
"GTAGTGTGAGCGGA-1","A"
"GTAGTGTGAGGCGA-1","A"
"GTAGTGTGTGGTTG-1","A"
"GTATCACTGGTAGG-1","A"
"GTATCTACAGAAGT-1","A"
"GTATCTACGACGAG-1","B"
"GTATCTACGTTACG-1","A"
"GTATTAGAAACAGA-1","B"
"GTATTAGAGGTCTA-1","B"
"GTATTCACACAGCT-1","B"
"GTATTCACGGGTGA-1","A"
"GTCAACGACACTGA-1","B"
"GTCAACGAGTGTAC-1","A"
"GTCAACGATCAGGT-1","A"
"GTCAATCTACACCA-1","B"
"GTCAATCTGTAGCT-1","A"
"GTCAATCTTGTGGT-1","A"
"GTCACCTGCCTCCA-1","A"
"GTCACCTGTCCCGT-1","B"
"GTCATACTAATCGC-1","A"
"GTCATACTGCGATT-1","A"
"GTCATACTTCGCCT-1","A"
"GTCATACTTTACCT-1","B"
"GTCATACTTTGACG-1","B"
"GTCCAAGAAAAACG-1","A"
"GTCCACTGACCTCC-1","B"
"GTCCACTGGGTACT-1","A"
"GTCCAGCTACGGGA-1","A"
"GTCCCATGTGGTGT-1","A"
"GTCGAATGAAGGCG-1","A"
"GTCGACCTGAATGA-1","A"
"GTCGACCTGTTCAG-1","B"
"GTCGCACTTGAGAA-1","B"
"GTCTAACTGGTCTA-1","B"
"GTCTAGGAGCTTCC-1","B"
"GTGAACACACTCTT-1","A"
"GTGAACACAGATCC-1","A"
"GTGAACACTCAGGT-1","A"
"GTGACCCTTAAGCC-1","B"
"GTGATGACAAGTGA-1","B"
"GTGATGACCTGAGT-1","A"
"GTGATGACGGTTTG-1","A"
"GTGATTCTCATTTC-1","A"
"GTGATTCTCTCTCG-1","A"
"GTGATTCTGGTTCA-1","B"
"GTGATTCTGTCGAT-1","A"
"GTGATTCTTAGCGT-1","A"
"GTGCCACTCAGGAG-1","A"
"GTGGATTGCACTAG-1","A"
"GTGGATTGCGGAGA-1","A"
"GTGGATTGTAACGC-1","B"
"GTGTACGATCAGTG-1","B"
"GTGTAGTGGGTACT-1","B"
"GTGTATCTAGCCTA-1","B"
"GTGTATCTAGTAGA-1","A"
"GTGTATCTGTTACG-1","B"
"GTGTCAGAAGCGTT-1","A"
"GTGTCAGAATGCTG-1","A"
"GTTAAAACCGAGAG-1","A"
"GTTAAAACTTCGCC-1","A"
"GTTAAATGCTCGAA-1","A"
"GTTAAATGTCGACA-1","A"
"GTTAACCTAGCTAC-1","A"
"GTTAACCTTGCTTT-1","A"
"GTTAGGTGCACTCC-1","B"
"GTTAGGTGCCAGTA-1","A"
"GTTAGGTGCCCAAA-1","A"
"GTTAGGTGGAACTC-1","B"
"GTTAGTCTAAGAAC-1","B"
"GTTATAGAGGACAG-1","B"
"GTTATGCTTTCATC-1","A"
"GTTCAACTGGGACA-1","A"
"GTTCAACTTATGCG-1","A"
"GTTGACGAGCCCTT-1","A"
"GTTGACGATATCGG-1","A"
"GTTGAGTGGTCTTT-1","B"
"GTTGAGTGTGCTTT-1","B"
"GTTGATCTGGGACA-1","A"
"GTTGATCTTTTCAC-1","A"
"GTTGGATGTTTACC-1","B"
"GTTGTACTATTCCT-1","A"
"GTTGTACTTTTGGG-1","A"
"GTTTAAGACCATGA-1","A"
"GTTTAAGACTGTCC-1","A"
"TAAACAACCAACCA-1","A"
"TAAACAACGAATCC-1","A"
"TAAAGACTCAGGAG-1","B"
"TAAATCGATGAGGG-1","A"
"TAACAATGTGCCCT-1","B"
"TAACACCTTCGCTC-1","A"
"TAACACCTTCGTAG-1","A"
"TAACACCTTGTTTC-1","B"
"TAACATGACACTAG-1","B"
"TAACCGGACTTACT-1","B"
"TAACGTCTCAACCA-1","B"
"TAACGTCTCATTGG-1","B"
"TAACTAGAATTTCC-1","A"
"TAACTAGACTTAGG-1","B"
"TAACTAGATCTGGA-1","B"
"TAACTCACGAGGAC-1","B"
"TAACTCACGTACAC-1","B"
"TAACTCACGTATCG-1","B"
"TAACTCACTCTACT-1","A"
"TAAGAACTGTGTCA-1","A"
"TAAGAGGACTAAGC-1","B"
"TAAGAGGACTTGTT-1","A"
"TAAGATACCCACAA-1","B"
"TAAGATACGGTTCA-1","B"
"TAAGATTGCGTAGT-1","B"
"TAAGATTGTTGCTT-1","B"
"TAAGCGTGAGGTTC-1","B"
"TAAGCGTGGACAAA-1","B"
"TAAGCGTGGGAAAT-1","A"
"TAAGCGTGTGCTCC-1","B"
"TAAGGCTGCCATGA-1","B"
"TAAGGCTGCTGCTC-1","A"
"TAAGGCTGTCTCGC-1","B"
"TAAGGGCTGCTGTA-1","A"
"TAAGGGCTTTACTC-1","A"
"TAAGTAACCGAGAG-1","B"
"TAAGTAACCTCCAC-1","B"
"TAAGTAACCTGTAG-1","A"
"TAAGTAACTTGTCT-1","B"
"TAATGATGAGCGGA-1","A"
"TAATGCCTCATGAC-1","B"
"TAATGCCTCGTCTC-1","B"
"TAATGTGAAGATGA-1","B"
"TAATGTGACTGCAA-1","A"
"TAATGTGATTACTC-1","B"
"TACAAATGGGTACT-1","A"
"TACAATGAAAACAG-1","B"
"TACAATGACTTAGG-1","B"
"TACAATGATGCTAG-1","A"
"TACACACTCACACA-1","A"
"TACACACTCTTACT-1","A"
"TACATAGAACGCAT-1","B"
"TACATCACACGGGA-1","B"
"TACATCACCTGTTT-1","A"
"TACATCACGCTAAC-1","B"
"TACATCACTGAACC-1","B"
"TACCATTGAGGTTC-1","A"
"TACCATTGCGGGAA-1","A"
"TACCATTGGGGATG-1","B"
"TACCATTGTGAGGG-1","A"
"TACCGGCTGTTGGT-1","A"
"TACGAGTGATCTCT-1","B"
"TACGAGTGATGCTG-1","A"
"TACGAGTGCGGAGA-1","A"
"TACGAGTGGTTGGT-1","B"
"TACGATCTAGTGTC-1","A"
"TACGATCTCACTGA-1","B"
"TACGATCTTACGAC-1","B"
"TACGCAGACGTCTC-1","B"
"TACGCAGAGAATCC-1","B"
"TACGCCACATTCCT-1","B"
"TACGCCACTCCCAC-1","A"
"TACGCCACTCCGAA-1","B"
"TACGCGCTCTTCTA-1","B"
"TACGGAACGCGTTA-1","B"
"TACGGCCTGGGACA-1","B"
"TACGGCCTGTCCTC-1","B"
"TACGTACTACGGAG-1","A"
"TACGTACTCAGTTG-1","B"
"TACGTACTCCCGTT-1","B"
"TACGTTACAGAAGT-1","A"
"TACGTTACCAAGCT-1","A"
"TACTAAGAAAGGTA-1","B"
"TACTAAGAATCACG-1","A"
"TACTAAGATGATGC-1","A"
"TACTAAGATTGCGA-1","A"
"TACTACACGAGAGC-1","A"
"TACTACACTTACCT-1","A"
"TACTACTGAACCTG-1","A"
"TACTACTGATGTCG-1","B"
"TACTACTGATTCTC-1","B"
"TACTACTGTATGGC-1","B"
"TACTCAACGGTCTA-1","A"
"TACTCAACTGCTAG-1","B"
"TACTCCCTCAGTTG-1","B"
"TACTCTGAATCGAC-1","B"
"TACTCTGACGAGTT-1","A"
"TACTCTGATTGACG-1","B"
"TACTGGGATCGATG-1","B"
"TACTGTTGAAAGCA-1","B"
"TACTGTTGAGGCGA-1","B"
"TACTGTTGCTGAAC-1","A"
"TACTTGACTCCTCG-1","A"
"TACTTGACTGGTGT-1","A"
"TACTTTCTTTTGGG-1","A"
"TAGAAACTAATCGC-1","B"
"TAGAAACTGCTTCC-1","A"
"TAGAAACTGGGATG-1","B"
"TAGAATTGCGACAT-1","B"
"TAGAATTGTATCGG-1","A"
"TAGACGTGCTTGAG-1","B"
"TAGACGTGTCGCTC-1","B"
"TAGAGCACCTTACT-1","A"
"TAGATTGACTTGTT-1","B"
"TAGATTGAGGCATT-1","A"
"TAGCATCTCAGCTA-1","B"
"TAGCATCTCCCTCA-1","B"
"TAGCATCTGCTGTA-1","A"
"TAGCATCTGGGACA-1","A"
"TAGCATCTTGTCGA-1","B"
"TAGCCCACAAAAGC-1","A"
"TAGCCCACAGCCAT-1","A"
"TAGCCCACAGCTAC-1","B"
"TAGCCCACCCACAA-1","B"
"TAGCCCTGCGGAGA-1","A"
"TAGCCGCTTACGAC-1","B"
"TAGCCGCTTACTTC-1","A"
"TAGCCGCTTTCCAT-1","B"
"TAGCTACTGAATAG-1","A"
"TAGCTACTGTAGCT-1","A"
"TAGCTACTTTTGCT-1","B"
"TAGGACTGTGCTGA-1","A"
"TAGGAGCTAAGGCG-1","B"
"TAGGAGCTGAGGGT-1","A"
"TAGGAGCTTGCATG-1","B"
"TAGGCAACCGTCTC-1","B"
"TAGGCATGCTCTCG-1","A"
"TAGGCATGGCGAGA-1","B"
"TAGGCTGATGCCTC-1","B"
"TAGGGACTGAACTC-1","A"
"TAGGTCGACACTGA-1","A"
"TAGGTCGAGGATCT-1","A"
"TAGGTGACACACTG-1","B"
"TAGGTGACACGTTG-1","A"
"TAGGTGTGTTCTGT-1","A"
"TAGGTTCTGAAGGC-1","A"
"TAGGTTCTTCTTAC-1","B"
"TAGGTTCTTGCTGA-1","B"
"TAGTAAACCTCGCT-1","A"
"TAGTAAACGTCACA-1","B"
"TAGTAATGAGATCC-1","A"
"TAGTACCTAAGAAC-1","A"
"TAGTATGATCTTAC-1","B"
"TAGTATGATTCTCA-1","B"
"TAGTCTTGGCTGTA-1","A"
"TAGTCTTGGGACTT-1","B"
"TAGTCTTGTGGAAA-1","B"
"TAGTGGTGAAGTGA-1","A"
"TAGTTAGAACCACA-1","B"
"TAGTTAGATGAACC-1","A"
"TATAAGACAACAGA-1","B"
"TATAAGACAGCTCA-1","B"
"TATAAGTGACACCA-1","B"
"TATAAGTGTATCGG-1","A"
"TATAAGTGTGGTGT-1","B"
"TATACAGAACCCTC-1","A"
"TATACAGAAGAACA-1","B"
"TATACAGATCCAGA-1","B"
"TATACCACCTGATG-1","A"
"TATACGCTACCAAC-1","B"
"TATAGATGGACGGA-1","B"
"TATAGATGTTCCGC-1","B"
"TATCACTGACTGTG-1","A"
"TATCCAACCAGCTA-1","B"
"TATCCAACTCTCTA-1","A"
"TATCGACTACTAGC-1","A"
"TATCGACTCGATAC-1","A"
"TATCGTACAGATGA-1","B"
"TATCGTACATTCCT-1","A"
"TATCTCGAGAGATA-1","B"
"TATCTGACAGGTTC-1","A"
"TATCTGACTGTTTC-1","A"
"TATCTTCTAAACAG-1","A"
"TATGAATGGAGGAC-1","B"
"TATGAATGTTTGCT-1","A"
"TATGCGGATAACCG-1","B"
"TATGGGTGCATCAG-1","A"
"TATGGGTGCTAGCA-1","B"
"TATGGTCTCTACCC-1","A"
"TATGTCACGGAACG-1","A"
"TATGTCACTAACCG-1","B"
"TATGTCACTTCTCA-1","A"
"TATGTGCTCCGATA-1","B"
"TATGTGCTGGATTC-1","B"
"TATTGCTGAAGAAC-1","A"
"TATTGCTGCCGTTC-1","B"
"TATTGCTGTCTGGA-1","B"
"TATTGCTGTGCACA-1","A"
"TATTTCCTATTGGC-1","A"
"TATTTCCTGGAGGT-1","B"
"TATTTCCTGGTGTT-1","B"
"TCAACACTGTTTGG-1","B"
"TCAAGGACAGCGTT-1","A"
"TCAAGGACATTCTC-1","A"
"TCAAGGACGGTGTT-1","A"
"TCAATCACACTCTT-1","A"
"TCAATCACAGTCGT-1","B"
"TCACAACTATGTGC-1","B"
"TCACAACTTTGCTT-1","A"
"TCACATACACTTTC-1","B"
"TCACATACAGGGTG-1","B"
"TCACCCGAGACGGA-1","B"
"TCACCGTGCTCGCT-1","A"
"TCACCTCTACGACT-1","A"
"TCACCTCTTCCAAG-1","A"
"TCACGAGAGGAGGT-1","B"
"TCACTATGGGGCAA-1","A"
"TCACTATGGTTGTG-1","B"
"TCAGACGACGCTAA-1","B"
"TCAGACGACGTTAG-1","A"
"TCAGAGACTCCAGA-1","A"
"TCAGCAGACTCCAC-1","A"
"TCAGCGCTCTAGTG-1","B"
"TCAGCGCTGGATCT-1","B"
"TCAGCGCTGGTATC-1","A"
"TCAGGATGAAGTAG-1","B"
"TCAGGATGCCTTTA-1","A"
"TCAGTGGAAGATCC-1","B"
"TCAGTTACCTACGA-1","B"
"TCAGTTACTAGAAG-1","B"
"TCATCAACCCGATA-1","A"
"TCATCAACTGTTCT-1","B"
"TCATCATGCAGTTG-1","A"
"TCATCCCTTACTGG-1","A"
"TCATTCGATACAGC-1","A"
"TCCACGTGGAAACA-1","B"
"TCCACTCTACACTG-1","B"
"TCCACTCTGAGCTT-1","A"
"TCCACTCTTACTTC-1","B"
"TCCATAACAAAGTG-1","A"
"TCCATAACCGTAGT-1","B"
"TCCATAACGATGAA-1","B"
"TCCATAACTACGCA-1","B"
"TCCATCCTCCCTAC-1","A"
"TCCCACGATCATTC-1","A"
"TCCCATCTCAAAGA-1","B"
"TCCCGAACACAGTC-1","A"
"TCCCGAACTTCGCC-1","A"
"TCCCGATGAGATCC-1","A"
"TCCCGATGCCTGAA-1","A"
"TCCCGATGCTGTGA-1","A"
"TCCCTACTCAACTG-1","A"
"TCCGAAGACAATCG-1","A"
"TCCGAAGACGTTAG-1","B"
"TCCGGACTGAGGTG-1","A"
"TCCGGACTGTACGT-1","B"
"TCCTAAACATCGAC-1","B"
"TCCTAAACCGAGAG-1","A"
"TCCTAAACCGCATA-1","B"
"TCCTAATGGTTTGG-1","A"
"TCCTACCTGTCGTA-1","A"
"TCCTATGAAAAGCA-1","B"
"TCGAATCTCTGGTA-1","A"
"TCGACCTGCCGATA-1","B"
"TCGACGCTTCTATC-1","B"
"TCGACGCTTTGACG-1","B"
"TCGAGAACGACAGG-1","A"
"TCGAGAACGTTAGC-1","B"
"TCGAGCCTATCAGC-1","B"
"TCGAGCCTGCGAGA-1","A"
"TCGAGCCTTGTGAC-1","A"
"TCGATACTATTCCT-1","B"
"TCGATACTTGCACA-1","A"
"TCGATTTGATGCCA-1","B"
"TCGATTTGCACTCC-1","B"
"TCGATTTGCAGCTA-1","A"
"TCGATTTGCCTACC-1","B"
"TCGATTTGTCGTGA-1","A"
"TCGCACACCATCAG-1","B"
"TCGCAGCTAGATCC-1","B"
"TCGCCATGAGACTC-1","A"
"TCGCCATGTGGTCA-1","B"
"TCGGACCTAACAGA-1","A"
"TCGGACCTATAAGG-1","A"
"TCGGACCTGTACAC-1","A"
"TCGGTAGAGTAGGG-1","A"
"TCGGTAGATCCCAC-1","A"
"TCGTAGGATCGACA-1","A"
"TCGTGAGAACTGTG-1","B"
"TCGTTATGGACAAA-1","A"
"TCTAACACCAGTTG-1","A"
"TCTAACACGAGCAG-1","B"
"TCTAACTGAACCAC-1","A"
"TCTAAGCTAATGCC-1","A"
"TCTAAGCTTAGTCG-1","A"
"TCTAAGCTTCTAGG-1","B"
"TCTAAGCTTGTTCT-1","A"
"TCTAAGCTTTCGCC-1","B"
"TCTACAACGACTAC-1","B"
"TCTAGACTTAGAAG-1","B"
"TCTAGTTGCACCAA-1","B"
"TCTATGTGAAGAGT-1","B"
"TCTATGTGAGTCTG-1","B"
"TCTCAAACCTAAGC-1","B"
"TCTCTAGAATTTCC-1","A"
"TCTGATACACGTGT-1","A"
"TCTGATACTCGCCT-1","B"
"TCTTACGAACCTGA-1","A"
"TCTTCAGAGCTACA-1","B"
"TCTTGATGCGGAGA-1","A"
"TGAAATTGGTGAGG-1","A"
"TGAACCGAAAACGA-1","A"
"TGAACCGACTACTT-1","A"
"TGAACCGATTCGGA-1","A"
"TGAAGCACTCACGA-1","B"
"TGAAGCTGAACGAA-1","A"
"TGAAGCTGAGACTC-1","A"
"TGAAGCTGCATGGT-1","A"
"TGAAGCTGCGTAAC-1","A"
"TGAATAACCACTTT-1","A"
"TGAATAACTCCCAC-1","B"
"TGACACGACCTTAT-1","B"
"TGACCAGACAACCA-1","B"
"TGACCAGAGGATTC-1","A"
"TGACCGCTAAAAGC-1","B"
"TGACCGCTCTGCAA-1","B"
"TGACGATGCAAAGA-1","A"
"TGACGCCTGTACCA-1","B"
"TGACGCCTTTACTC-1","A"
"TGACTGGAAGAGAT-1","B"
"TGACTGGACCGTAA-1","A"
"TGACTGGACGCAAT-1","A"
"TGACTGGAGGACAG-1","B"
"TGACTGGATTCTCA-1","A"
"TGACTTACACACCA-1","A"
"TGACTTACAGTCTG-1","B"
"TGACTTTGCGCATA-1","B"
"TGACTTTGTTTGTC-1","A"
"TGAGACACAAGGTA-1","B"
"TGAGACACTCAAGC-1","A"
"TGAGACACTGTGCA-1","A"
"TGAGCTGAATGCTG-1","A"
"TGAGCTGACTGGAT-1","B"
"TGAGCTGAGCGAGA-1","B"
"TGAGCTGATGCTAG-1","B"
"TGAGGACTCTCATT-1","B"
"TGAGGACTTCATTC-1","A"
"TGAGGTACGAACCT-1","B"
"TGAGTCGAGTTACG-1","A"
"TGAGTGACTGAGCT-1","A"
"TGATAAACGAATCC-1","B"
"TGATAAACTCCGTC-1","B"
"TGATAAACTTTCAC-1","B"
"TGATACCTCACTAG-1","A"
"TGATACCTGTTGGT-1","A"
"TGATACCTTATGCG-1","A"
"TGATACCTTGAAGA-1","B"
"TGATATGAACCTTT-1","B"
"TGATCACTAGCATC-1","B"
"TGATCACTCTCGCT-1","B"
"TGATCACTTCTACT-1","B"
"TGATCGGACTGACA-1","A"
"TGATCGGAGGAGCA-1","A"
"TGATCGGATATGCG-1","B"
"TGATTAGACATTGG-1","A"
"TGATTAGATGACTG-1","A"
"TGATTAGATGCTAG-1","A"
"TGATTCACTATGCG-1","A"
"TGATTCACTGTCAG-1","A"
"TGATTCTGCCGAAT-1","B"
"TGATTCTGCTCTTA-1","B"
"TGCAAGTGAGAACA-1","A"
"TGCAAGTGGGTAGG-1","A"
"TGCAATCTTCAGGT-1","B"
"TGCACAGACGACAT-1","B"
"TGCCAAGAGCAGTT-1","B"
"TGCCAAGATCTCTA-1","A"
"TGCCACTGAACGTC-1","B"
"TGCCACTGCGATAC-1","A"
"TGCCAGCTTGGCAT-1","A"
"TGCCCAACAGCAAA-1","A"
"TGCCCAACCGCATA-1","A"
"TGCCGACTCTCCCA-1","B"
"TGCGAAACAGTCAC-1","A"
"TGCGAAACGTTGCA-1","A"
"TGCGATGAACGGTT-1","B"
"TGCGATGACCTCGT-1","A"
"TGCGATGACTAGTG-1","A"
"TGCGATGACTGCTC-1","A"
"TGCGATGACTTGCC-1","B"
"TGCGATGAGTGCTA-1","B"
"TGCGCACTCTTGAG-1","A"
"TGCGTAGAATAAGG-1","B"
"TGCGTAGACGGGAA-1","B"
"TGCGTAGATGGTCA-1","A"
"TGCTAGGAAACCGT-1","A"
"TGCTAGGATAGTCG-1","A"
"TGCTATACGGTTCA-1","A"
"TGCTATACTGCTGA-1","A"
"TGCTGAGAGAGCAG-1","A"
"TGCTGAGATTATCC-1","B"
"TGGAAAGACTCTCG-1","A"
"TGGAAAGAGCGATT-1","A"
"TGGAAAGAGGTCAT-1","A"
"TGGAAAGATATGGC-1","A"
"TGGAACACAAACAG-1","B"
"TGGAACACGCTAAC-1","B"
"TGGAAGCTCAGATC-1","A"
"TGGACCCTACACTG-1","A"
"TGGACCCTCATGGT-1","B"
"TGGACCCTGGTACT-1","A"
"TGGACTGAGTATGC-1","A"
"TGGAGACTATCAGC-1","A"
"TGGAGACTGAAACA-1","B"
"TGGAGACTTCAAGC-1","A"
"TGGAGACTTGACCA-1","B"
"TGGAGGGACGGAGA-1","A"
"TGGAGGGAGCTATG-1","B"
"TGGATCGATAAAGG-1","A"
"TGGATGTGACCTAG-1","B"
"TGGATGTGATGTCG-1","A"
"TGGATGTGTGAAGA-1","B"
"TGGATTCTCATACG-1","A"
"TGGCAATGCTTGTT-1","B"
"TGGCAATGGAGGGT-1","B"
"TGGCACCTTCACGA-1","B"
"TGGCACCTTCAGTG-1","B"
"TGGGTATGAAGAGT-1","A"
"TGGGTATGCACAAC-1","A"
"TGGGTATGGTACGT-1","A"
"TGGGTATGTTTGGG-1","B"
"TGGTAGACATGCCA-1","B"
"TGGTAGACCCTCAC-1","B"
"TGGTAGACCTGATG-1","B"
"TGGTAGTGCACTGA-1","A"
"TGGTATCTAAACAG-1","B"
"TGGTATCTCTTCCG-1","B"
"TGGTCAGACCCAAA-1","A"
"TGGTCAGACCGTTC-1","B"
"TGGTTACTGACGTT-1","B"
"TGGTTACTGTTCTT-1","B"
"TGTAACCTAGAGGC-1","A"
"TGTAACCTTGCCTC-1","A"
"TGTAATGACACAAC-1","A"
"TGTAATGAGGTAAA-1","B"
"TGTACTTGCTCTAT-1","B"
"TGTAGGTGCGAGAG-1","A"
"TGTAGGTGCTATGG-1","A"
"TGTAGGTGCTCTAT-1","A"
"TGTAGGTGTGCTGA-1","A"
"TGTAGTCTTCCAGA-1","B"
"TGTAGTCTTGCACA-1","A"
"TGTATCTGTTAGGC-1","B"
"TGTATGCTCATGGT-1","A"
"TGTATGCTGTAGGG-1","B"
"TGTATGCTTTCATC-1","B"
"TGTCAGGAATACCG-1","B"
"TGTCAGGAGATGAA-1","A"
"TGTCTAACCCCTTG-1","A"
"TGTGACGATTCTCA-1","B"
"TGTGAGACTGTCAG-1","B"
"TGTGAGACTTGAGC-1","A"
"TGTGAGTGACCACA-1","A"
"TGTGAGTGAGTGCT-1","A"
"TGTGAGTGGAGATA-1","A"
"TGTGATCTCTCTAT-1","B"
"TGTGATCTGACACT-1","B"
"TGTGGATGGCCAAT-1","A"
"TGTTAAGACAAAGA-1","A"
"TGTTAAGATAAGGA-1","B"
"TGTTAAGATTGGCA-1","B"
"TGTTACACCGCATA-1","B"
"TGTTACACGACTAC-1","B"
"TGTTACTGGCTACA-1","A"
"TGTTACTGTAGTCG-1","B"
"TTAACCACCGTAAC-1","A"
"TTAACCACTAAGGA-1","B"
"TTAACCACTCAGAC-1","A"
"TTACACACGTGTTG-1","B"
"TTACACACTCCTAT-1","B"
"TTACCATGAATCGC-1","B"
"TTACCATGGTTGAC-1","B"
"TTACCATGTGTCTT-1","B"
"TTACCATGTTGTGG-1","B"
"TTACGACTGAGAGC-1","A"
"TTACGACTTGACAC-1","B"
"TTACGTACGTTCAG-1","A"
"TTACTCGAACGTTG-1","A"
"TTACTCGAAGAATG-1","A"
"TTACTCGACGCAAT-1","A"
"TTACTCGAGGGTGA-1","A"
"TTACTCGATCTACT-1","B"
"TTAGAATGTGGTGT-1","A"
"TTAGAATGTGTAGC-1","B"
"TTAGACCTCCTACC-1","B"
"TTAGACCTCCTTTA-1","A"
"TTAGCTACAACCGT-1","B"
"TTAGCTACTGTCCC-1","B"
"TTAGCTACTTTCGT-1","A"
"TTAGGGACGCGAAG-1","A"
"TTAGGGTGCTGGAT-1","A"
"TTAGGGTGTCCTGC-1","B"
"TTAGGTCTACTTTC-1","A"
"TTAGTCACCAGTTG-1","B"
"TTAGTCTGAAAGCA-1","A"
"TTAGTCTGCCAACA-1","A"
"TTAGTCTGTGCACA-1","B"
"TTATCCGACTAGTG-1","A"
"TTATCCGAGAAAGT-1","A"
"TTATGAGAGATAAG-1","B"
"TTATGCACGTCACA-1","B"
"TTATGGCTTATGGC-1","A"
"TTATTCCTATGCTG-1","B"
"TTATTCCTGGACAG-1","B"
"TTATTCCTGGTACT-1","B"
"TTATTCCTTCGTGA-1","A"
"TTCAAAGATAAAGG-1","B"
"TTCAACACAACAGA-1","A"
"TTCAACACCCCAAA-1","B"
"TTCAACACGGACGA-1","A"
"TTCAAGCTAAGAAC-1","B"
"TTCAAGCTAGATGA-1","B"
"TTCAAGCTGTTGAC-1","B"
"TTCAAGCTTCCAAG-1","A"
"TTCAAGCTTGATGC-1","A"
"TTCAAGCTTTCGCC-1","A"
"TTCACAACCCGTTC-1","B"
"TTCACAACGTCTGA-1","A"
"TTCAGACTACCCAA-1","B"
"TTCAGACTCTCGAA-1","A"
"TTCAGTACCGACTA-1","A"
"TTCAGTACTCAAGC-1","A"
"TTCAGTACTCCTAT-1","B"
"TTCAGTTGCCAAGT-1","B"
"TTCAGTTGTCCTTA-1","A"
"TTCAGTTGTCTAGG-1","B"
"TTCAGTTGTCTCGC-1","B"
"TTCATCGAGGTGGA-1","A"
"TTCATGTGTGGTGT-1","B"
"TTCATTCTATGTCG-1","A"
"TTCATTCTTCTCTA-1","A"
"TTCCAAACCTATGG-1","B"
"TTCCAAACCTCCCA-1","A"
"TTCCAAACTCCCAC-1","B"
"TTCCAAACTTGACG-1","A"
"TTCCATGACGAGAG-1","B"
"TTCCATGACTGTCC-1","B"
"TTCCCACTTGAGGG-1","B"
"TTCCCACTTGTCTT-1","A"
"TTCCTAGAAAGTGA-1","B"
"TTCCTAGACTAGTG-1","B"
"TTCGAGGACTCTAT-1","A"
"TTCGAGGAGGGCAA-1","A"
"TTCGAGGATAGAAG-1","B"
"TTCGATTGAGCATC-1","A"
"TTCGGAGAATGCCA-1","A"
"TTCGGAGATGTGCA-1","A"
"TTCGTATGAAAAGC-1","B"
"TTCGTATGGATAGA-1","A"
"TTCGTATGGTCTGA-1","B"
"TTCGTATGTCCTTA-1","A"
"TTCTACGAACGTAC-1","B"
"TTCTACGAGTTGGT-1","A"
"TTCTAGTGACACGT-1","B"
"TTCTAGTGCATGAC-1","A"
"TTCTAGTGGAGAGC-1","A"
"TTCTAGTGGTCACA-1","B"
"TTCTCAGAAGAGAT-1","A"
"TTCTCAGAAGCATC-1","A"
"TTCTCAGATGGAGG-1","B"
"TTCTGATGGAGACG-1","A"
"TTCTTACTCTGGAT-1","B"
"TTGAACCTCCTTGC-1","A"
"TTGAATGAACTACG-1","A"
"TTGAATGACTTACT-1","B"
"TTGAATGATCTCAT-1","A"
"TTGACACTCTGTAG-1","B"
"TTGACACTGATAAG-1","B"
"TTGAGGACAGAACA-1","B"
"TTGAGGACTACGCA-1","B"
"TTGAGGTGGACGGA-1","B"
"TTGCATTGAGCTAC-1","A"
"TTGCATTGCTAAGC-1","B"
"TTGCATTGTGACTG-1","A"
"TTGCTAACACCAAC-1","A"
"TTGCTAACACGCTA-1","A"
"TTGCTAACCACTCC-1","B"
"TTGCTATGGTACGT-1","B"
"TTGCTATGGTAGGG-1","A"
"TTGGAGACCAATCG-1","B"
"TTGGAGACGCTATG-1","B"
"TTGGAGACTATGGC-1","A"
"TTGGGAACTGAACC-1","B"
"TTGGTACTACTGGT-1","B"
"TTGGTACTCTTAGG-1","A"
"TTGGTACTGAATCC-1","B"
"TTGGTACTGGATTC-1","A"
"TTGTACACGTTGTG-1","B"
"TTGTACACTTGCAG-1","B"
"TTGTAGCTAGCTCA-1","A"
"TTGTAGCTCTCTTA-1","B"
"TTGTCATGGACGGA-1","A"
"TTTAGAGATCCTCG-1","B"
"TTTAGCTGATACCG-1","A"
"TTTAGCTGGATACC-1","A"
"TTTAGCTGTACTCT-1","A"
"TTTAGGCTCCTTTA-1","B"
"TTTATCCTGTTGTG-1","A"
"TTTCACGAGGTTCA-1","B"
"TTTCAGTGGAAGGC-1","A"
"TTTCAGTGTCACGA-1","B"
"TTTCAGTGTCTATC-1","B"
"TTTCAGTGTGCAGT-1","A"
"TTTCCAGAGGTGAG-1","A"
"TTTCGAACACCTGA-1","A"
"TTTCGAACTCTCAT-1","B"
"TTTCTACTGAGGCA-1","B"
"TTTCTACTTCCTCG-1","A"
"TTTGCATGAGAGGC-1","A"
"TTTGCATGCCTCAC-1","B"
